-- MySQL dump 10.13  Distrib 8.0.43, for Win64 (x86_64)
--
-- Host: localhost    Database: db82
-- ------------------------------------------------------
-- Server version	8.0.43

/*!40101 SET @OLD_CHARACTER_SET_CLIENT=@@CHARACTER_SET_CLIENT */;
/*!40101 SET @OLD_CHARACTER_SET_RESULTS=@@CHARACTER_SET_RESULTS */;
/*!40101 SET @OLD_COLLATION_CONNECTION=@@COLLATION_CONNECTION */;
/*!50503 SET NAMES utf8 */;
/*!40103 SET @OLD_TIME_ZONE=@@TIME_ZONE */;
/*!40103 SET TIME_ZONE='+00:00' */;
/*!40014 SET @OLD_UNIQUE_CHECKS=@@UNIQUE_CHECKS, UNIQUE_CHECKS=0 */;
/*!40014 SET @OLD_FOREIGN_KEY_CHECKS=@@FOREIGN_KEY_CHECKS, FOREIGN_KEY_CHECKS=0 */;
/*!40101 SET @OLD_SQL_MODE=@@SQL_MODE, SQL_MODE='NO_AUTO_VALUE_ON_ZERO' */;
/*!40111 SET @OLD_SQL_NOTES=@@SQL_NOTES, SQL_NOTES=0 */;

--
-- Table structure for table `authors`
--

DROP TABLE IF EXISTS `authors`;
/*!40101 SET @saved_cs_client     = @@character_set_client */;
/*!50503 SET character_set_client = utf8mb4 */;
CREATE TABLE `authors` (
  `AuthorID` int NOT NULL AUTO_INCREMENT,
  `Name` varchar(50) COLLATE utf8mb4_unicode_ci NOT NULL,
  `Surname` varchar(50) COLLATE utf8mb4_unicode_ci NOT NULL,
  `Patronymic` varchar(50) COLLATE utf8mb4_unicode_ci DEFAULT NULL,
  PRIMARY KEY (`AuthorID`)
) ENGINE=InnoDB AUTO_INCREMENT=153 DEFAULT CHARSET=utf8mb4 COLLATE=utf8mb4_unicode_ci;
/*!40101 SET character_set_client = @saved_cs_client */;

--
-- Dumping data for table `authors`
--

LOCK TABLES `authors` WRITE;
/*!40000 ALTER TABLE `authors` DISABLE KEYS */;
INSERT INTO `authors` VALUES (1,'Ольга','Волкова','Дмитриевна'),(2,'Андрей','Петров','Сергеевич'),(3,'Егор','Смирнов','Николаевич'),(4,'Екатерина','Сидорова','Николаевна'),(5,'Екатерина','Иванова','Дмитриевна'),(6,'Артем','Смирнов','Юрьевич'),(7,'Александр','Иванов','Сергеевич'),(8,'Ольга','Попова','Николаевна'),(9,'Сергей','Морозов','Петрович'),(10,'Алексей','Сидоров','Юрьевич'),(11,'Юлия','Попова','Николаевна'),(12,'Ольга','Попова','Сергеевна'),(13,'Максим','Волков','Сергеевич'),(14,'Ирина','Смирнова','Алексеевна'),(15,'Иван','Волков','Юрьевич'),(16,'Елена','Сидорова','Юрьевна'),(17,'Максим','Волков','Дмитриевич'),(18,'Юлия','Сидорова','Ивановна'),(19,'Юлия','Васильева','Ивановна'),(20,'Сергей','Сидоров','Алексеевич'),(21,'Наталья','Смирнова','Олеговна'),(22,'Андрей','Кузнецов','Петрович'),(23,'Анна','Кузнецова','Алексеевна'),(24,'Максим','Попов','Олегович'),(25,'Светлана','Петрова','Олеговна'),(26,'Максим','Петров','Дмитриевич'),(27,'Елена','Васильева','Ивановна'),(28,'Светлана','Попова','Олеговна'),(29,'Николай','Смирнов','Андреевич'),(30,'Дмитрий','Новиков','Юрьевич'),(31,'Максим','Васильев','Дмитриевич'),(32,'Александр','Петров','Дмитриевич'),(33,'Максим','Морозов','Владимирович'),(34,'Сергей','Кузнецов','Николаевич'),(35,'Сергей','Иванов','Андреевич'),(36,'Дмитрий','Новиков','Олегович'),(37,'Ирина','Васильева','Алексеевна'),(38,'Иван','Волков','Андреевич'),(39,'Ирина','Сидорова','Дмитриевна'),(40,'Ольга','Кузнецова','Ивановна'),(41,'Александр','Иванов','Юрьевич'),(42,'Ольга','Морозова','Андреевна'),(43,'Максим','Кузнецов','Николаевич'),(44,'Юлия','Морозова','Дмитриевна'),(45,'Сергей','Сидоров','Иванович'),(46,'Татьяна','Смирнова','Алексеевна'),(47,'Ирина','Васильева','Сергеевна'),(48,'Андрей','Волков','Андреевич'),(49,'Максим','Смирнов','Алексеевич'),(50,'Александр','Новиков','Андреевич'),(51,'Иван','Новиков','Николаевич'),(52,'Николай','Сидоров','Иванович'),(53,'Николай','Смирнов','Владимирович'),(54,'Андрей','Иванов','Сергеевич'),(55,'Артем','Смирнов','Юрьевич'),(56,'Иван','Петров','Петрович'),(57,'Артем','Новиков','Владимирович'),(58,'Сергей','Петров','Андреевич'),(59,'Ольга','Васильева','Ивановна'),(60,'Елена','Иванова','Петровна'),(61,'Мария','Новикова','Сергеевна'),(62,'Николай','Петров','Иванович'),(63,'Николай','Попов','Иванович'),(64,'Татьяна','Кузнецова','Андреевна'),(65,'Александр','Новиков','Владимирович'),(66,'Татьяна','Иванова','Дмитриевна'),(67,'Андрей','Новиков','Олегович'),(68,'Дмитрий','Смирнов','Юрьевич'),(69,'Ольга','Морозова','Петровна'),(70,'Татьяна','Васильева','Ивановна'),(71,'Егор','Смирнов','Андреевич'),(72,'Татьяна','Иванова','Дмитриевна'),(73,'Максим','Кузнецов','Владимирович'),(74,'Анна','Петрова','Андреевна'),(75,'Светлана','Петрова','Сергеевна'),(76,'Елена','Морозова','Николаевна'),(77,'Ирина','Попова','Олеговна'),(78,'Дмитрий','Новиков','Николаевич'),(79,'Екатерина','Волкова','Дмитриевна'),(80,'Юлия','Новикова','Николаевна'),(81,'Александр','Волков','Сергеевич'),(82,'Елена','Попова','Николаевна'),(83,'Наталья','Морозова','Сергеевна'),(84,'Андрей','Морозов','Николаевич'),(85,'Дмитрий','Попов','Николаевич'),(86,'Ирина','Кузнецова','Николаевна'),(87,'Алексей','Иванов','Юрьевич'),(88,'Анна','Морозова','Дмитриевна'),(89,'Ирина','Кузнецова','Сергеевна'),(90,'Максим','Морозов','Владимирович'),(91,'Сергей','Волков','Иванович'),(92,'Екатерина','Петрова','Владимировна'),(93,'Андрей','Петров','Владимирович'),(94,'Екатерина','Васильева','Владимировна'),(95,'Наталья','Петрова','Юрьевна'),(96,'Сергей','Кузнецов','Иванович'),(97,'Александр','Попов','Иванович'),(98,'Алексей','Новиков','Дмитриевич'),(99,'Анна','Морозова','Владимировна'),(100,'Николай','Новиков','Олегович'),(101,'Артем','Новиков','Алексеевич'),(102,'Анна','Иванова','Николаевна'),(103,'Татьяна','Морозова','Алексеевна'),(104,'Сергей','Новиков','Андреевич'),(105,'Максим','Волков','Петрович'),(106,'Дмитрий','Новиков','Петрович'),(107,'Екатерина','Попова','Дмитриевна'),(108,'Сергей','Петров','Алексеевич'),(109,'Николай','Сидоров','Дмитриевич'),(110,'Андрей','Сидоров','Иванович'),(111,'Ольга','Васильева','Петровна'),(112,'Артем','Новиков','Алексеевич'),(113,'Екатерина','Морозова','Юрьевна'),(114,'Екатерина','Волкова','Сергеевна'),(115,'Анна','Петрова','Дмитриевна'),(116,'Елена','Попова','Сергеевна'),(117,'Сергей','Волков','Владимирович'),(118,'Дмитрий','Васильев','Петрович'),(119,'Екатерина','Петрова','Юрьевна'),(120,'Иван','Смирнов','Юрьевич'),(121,'Артем','Новиков','Владимирович'),(122,'Татьяна','Васильева','Алексеевна'),(123,'Алексей','Смирнов','Иванович'),(124,'Наталья','Петрова','Андреевна'),(125,'Татьяна','Васильева','Андреевна'),(126,'Татьяна','Сидорова','Олеговна'),(127,'Светлана','Васильева','Ивановна'),(128,'Татьяна','Сидорова','Ивановна'),(129,'Ирина','Смирнова','Сергеевна'),(130,'Сергей','Васильев','Юрьевич'),(131,'Дмитрий','Морозов','Сергеевич'),(132,'Максим','Кузнецов','Иванович'),(133,'Алексей','Попов','Олегович'),(134,'Максим','Попов','Владимирович'),(135,'Дмитрий','Волков','Алексеевич'),(136,'Андрей','Кузнецов','Андреевич'),(137,'Александр','Морозов','Андреевич'),(138,'Юлия','Волкова','Олеговна'),(139,'Иван','Петров','Иванович'),(140,'Ольга','Васильева','Андреевна'),(141,'Елена','Иванова','Алексеевна'),(142,'Юлия','Петрова','Николаевна'),(143,'Дмитрий','Морозов','Олегович'),(144,'Артем','Смирнов','Владимирович'),(145,'Александр','Кузнецов','Сергеевич'),(146,'Егор','Новиков','Петрович'),(147,'Светлана','Кузнецова','Алексеевна'),(148,'Николай','Иванов','Дмитриевич'),(149,'Алексей','Сидоров','Дмитриевич'),(150,'Светлана','Иванова','Владимировна'),(151,'Сергей','Горелов',NULL),(152,'Фыв','Выф','Ячс');
/*!40000 ALTER TABLE `authors` ENABLE KEYS */;
UNLOCK TABLES;

--
-- Table structure for table `bookcategories`
--

DROP TABLE IF EXISTS `bookcategories`;
/*!40101 SET @saved_cs_client     = @@character_set_client */;
/*!50503 SET character_set_client = utf8mb4 */;
CREATE TABLE `bookcategories` (
  `BookID` int NOT NULL,
  `CategoryID` int NOT NULL,
  PRIMARY KEY (`BookID`,`CategoryID`),
  KEY `CategoryID` (`CategoryID`),
  CONSTRAINT `BookCategories_ibfk_1` FOREIGN KEY (`BookID`) REFERENCES `books` (`BookID`),
  CONSTRAINT `BookCategories_ibfk_2` FOREIGN KEY (`CategoryID`) REFERENCES `categories` (`CategoryID`)
) ENGINE=InnoDB DEFAULT CHARSET=utf8mb4 COLLATE=utf8mb4_unicode_ci;
/*!40101 SET character_set_client = @saved_cs_client */;

--
-- Dumping data for table `bookcategories`
--

LOCK TABLES `bookcategories` WRITE;
/*!40000 ALTER TABLE `bookcategories` DISABLE KEYS */;
INSERT INTO `bookcategories` VALUES (1,1),(2,1),(3,1),(4,1),(5,1),(6,1),(7,1),(8,1),(9,1),(10,1),(11,1),(12,1),(13,1),(14,1),(15,1),(16,1),(17,1),(18,1),(19,1),(20,1),(21,1),(22,1),(23,1),(24,1),(25,1),(26,1),(27,1),(28,1),(29,1),(30,1),(271,2),(272,2),(273,2),(274,2),(275,2),(276,2),(277,2),(278,2),(279,2),(280,2),(287,3),(288,3),(289,3),(290,3),(291,3),(292,3),(293,3),(281,4),(282,4),(283,4),(284,4),(285,4),(286,4),(379,7),(380,7),(381,7),(171,8),(172,8),(173,8),(174,8),(198,8),(200,8),(201,8),(359,8),(186,9),(195,9),(196,9),(197,9),(190,10),(191,10),(192,10),(221,11),(222,11),(223,11),(224,11),(225,11),(226,11),(227,11),(228,11),(229,11),(230,11),(231,11),(232,11),(233,11),(234,11),(235,11),(236,11),(237,11),(238,11),(239,11),(240,11),(241,11),(242,11),(243,11),(244,11),(245,11),(246,11),(247,11),(248,11),(249,11),(250,11),(251,11),(252,11),(253,11),(254,11),(255,11),(256,11),(257,11),(258,11),(259,11),(260,11),(261,11),(262,11),(263,11),(264,11),(265,11),(266,11),(267,11),(268,11),(269,11),(270,11),(368,12),(369,12),(370,12),(371,12),(111,13),(112,13),(113,13),(114,13),(115,13),(116,13),(117,13),(118,13),(119,13),(120,13),(121,13),(122,13),(123,13),(124,13),(125,13),(126,13),(127,13),(128,13),(129,13),(130,13),(131,13),(132,13),(133,13),(134,13),(135,13),(136,13),(137,13),(138,13),(139,13),(140,13),(141,13),(142,13),(143,13),(144,13),(145,13),(146,13),(147,13),(148,13),(149,13),(150,13),(151,13),(152,13),(153,13),(154,13),(155,13),(156,13),(157,13),(158,13),(159,13),(160,13),(161,13),(162,13),(163,13),(164,13),(165,13),(166,13),(167,13),(168,13),(169,13),(170,13),(67,14),(68,14),(69,14),(70,14),(71,14),(72,14),(73,14),(74,14),(75,14),(76,14),(77,14),(78,14),(79,14),(80,14),(81,14),(82,14),(83,14),(84,14),(85,14),(86,14),(87,14),(88,14),(89,14),(90,14),(91,14),(92,14),(93,14),(94,14),(95,14),(96,14),(97,14),(98,14),(99,14),(100,14),(101,14),(102,14),(103,14),(104,14),(105,14),(106,14),(107,14),(108,14),(109,14),(110,14),(187,15),(202,15),(320,15),(321,15),(322,15),(323,15),(324,15),(325,15),(326,15),(327,15),(328,15),(329,15),(330,15),(360,15),(361,15),(362,15),(363,15),(364,15),(365,15),(366,15),(367,15),(309,16),(310,16),(311,16),(312,16),(313,16),(314,16),(315,16),(316,16),(317,16),(318,16),(319,16),(294,17),(295,17),(296,17),(297,17),(298,17),(299,17),(300,17),(301,17),(302,17),(303,17),(304,17),(305,17),(306,17),(307,17),(308,17),(337,18),(338,18),(402,18),(31,20),(32,20),(33,20),(34,20),(35,20),(36,20),(37,20),(38,20),(39,20),(40,20),(175,20),(176,20),(177,20),(178,20),(179,20),(180,20),(181,20),(182,20),(183,20),(184,20),(185,20),(193,20),(194,20),(203,20),(204,20),(205,20),(206,20),(207,20),(208,20),(209,20),(210,20),(211,20),(212,20),(213,20),(214,20),(215,20),(216,20),(217,20),(218,20),(219,20),(220,20),(331,20),(332,20),(333,20),(339,20),(340,20),(341,20),(342,20),(343,20),(344,20),(345,20),(346,20),(347,20),(348,20),(349,20),(350,20),(351,20),(352,20),(353,20),(354,20),(355,20),(356,20),(357,20),(358,20),(199,21),(41,28),(42,28),(43,28),(44,28),(45,28),(46,28),(47,28),(48,28),(49,28),(50,28),(51,28),(52,28),(53,28),(54,28),(55,28),(56,28),(57,28),(58,28),(59,28),(60,28),(61,28),(62,28),(63,28),(64,28),(65,28),(66,28),(188,28),(189,28),(334,28),(335,28),(336,28),(372,28),(373,28),(374,28),(375,28),(376,28),(377,28),(378,28);
/*!40000 ALTER TABLE `bookcategories` ENABLE KEYS */;
UNLOCK TABLES;

--
-- Table structure for table `books`
--

DROP TABLE IF EXISTS `books`;
/*!40101 SET @saved_cs_client     = @@character_set_client */;
/*!50503 SET character_set_client = utf8mb4 */;
CREATE TABLE `books` (
  `BookID` int NOT NULL AUTO_INCREMENT,
  `Title` varchar(100) COLLATE utf8mb4_unicode_ci NOT NULL,
  `AuthorOne` int NOT NULL,
  `AuthorTwo` int DEFAULT NULL,
  `Publisher` int DEFAULT NULL,
  `Year` int DEFAULT NULL,
  `AvailableNow` int DEFAULT '0',
  `Count` int DEFAULT '0',
  `ImagePath` LONGBLOB DEFAULT NULL,
  PRIMARY KEY (`BookID`),
  KEY `AuthorOne` (`AuthorOne`),
  KEY `AuthorTwo` (`AuthorTwo`),
  KEY `fk_publisher` (`Publisher`),
  CONSTRAINT `Books_ibfk_1` FOREIGN KEY (`AuthorOne`) REFERENCES `authors` (`AuthorID`),
  CONSTRAINT `Books_ibfk_2` FOREIGN KEY (`AuthorTwo`) REFERENCES `authors` (`AuthorID`),
  CONSTRAINT `fk_publisher` FOREIGN KEY (`Publisher`) REFERENCES `publishers` (`PublisherID`)
) ENGINE=InnoDB AUTO_INCREMENT=403 DEFAULT CHARSET=utf8mb4 COLLATE=utf8mb4_unicode_ci;
/*!40101 SET character_set_client = @saved_cs_client */;

--
-- Dumping data for table `books`
--

LOCK TABLES `books` WRITE;
/*!40000 ALTER TABLE `books` DISABLE KEYS */;
INSERT INTO `books` VALUES (1,'Война и мир',1,NULL,5,2020,20,25,NULL),(2,'Анна Каренина',2,NULL,4,2019,18,22,NULL),(3,'Преступление и наказание',3,120,3,2021,24,28,NULL),(4,'Идиот',4,NULL,2,2018,16,20,NULL),(5,'Братья Карамазовы',5,14,6,2022,0,24,NULL),(6,'Мастер и Маргарита',6,NULL,7,2020,26,30,NULL),(7,'Белая гвардия',7,25,8,2019,15,18,NULL),(8,'Собачье сердце',8,NULL,9,2021,22,26,NULL),(9,'Тихий Дон',9,NULL,10,2020,18,22,NULL),(10,'Поднятая целина',10,44,11,2018,13,16,NULL),(11,'Отцы и дети',11,NULL,12,2022,21,25,NULL),(12,'Рудин',12,56,13,2019,12,15,NULL),(13,'Дворянское гнездо',13,NULL,14,2021,14,17,NULL),(14,'Обломов',14,88,15,2020,19,23,NULL),(15,'Евгений Онегин',15,NULL,16,2019,24,28,NULL),(16,'Капитанская дочка',16,33,17,2022,17,20,NULL),(17,'Дубровский',17,NULL,18,2018,15,19,NULL),(18,'Мертвые души',18,99,19,2021,20,24,NULL),(19,'Ревизор',19,NULL,20,2020,18,22,NULL),(20,'Горе от ума',20,101,21,2019,17,21,NULL),(21,'Герой нашего времени',21,NULL,22,2022,22,26,NULL),(22,'Вишневый сад',22,115,23,2020,16,19,NULL),(23,'Три сестры',23,NULL,24,2021,14,17,NULL),(24,'Дядя Ваня',24,130,25,2018,13,16,NULL),(25,'Доктор Живаго',25,NULL,26,2022,17,21,NULL),(26,'Один день Ивана Денисовича',26,140,27,2019,19,23,NULL),(27,'Матренин двор',27,NULL,28,2021,12,15,NULL),(28,'Архипелаг ГУЛАГ',28,55,29,2020,15,18,NULL),(29,'Двенадцать стульев',29,30,30,2019,23,27,NULL),(30,'Золотой теленок',29,30,31,2022,21,25,NULL),(31,'Алгебра 10 класс',31,32,32,2021,35,40,NULL),(32,'Алгебра 11 класс',32,31,33,2021,33,38,NULL),(33,'Геометрия 10-11 класс',33,34,34,2020,37,42,NULL),(34,'Математика для техникумов',34,35,35,2022,40,45,NULL),(35,'Высшая математика',35,36,36,2021,30,35,NULL),(36,'Теория вероятностей',37,38,37,2020,24,28,NULL),(37,'Дискретная математика',38,39,38,2022,21,25,NULL),(38,'Математический анализ',39,40,39,2021,26,30,NULL),(39,'Линейная алгебра',41,42,40,2020,23,27,NULL),(40,'Физика 10 класс',42,43,41,2021,33,38,NULL),(41,'Физика 11 класс',43,42,42,2021,31,36,NULL),(42,'Физика для вузов',45,46,43,2020,28,32,NULL),(43,'Механика',47,48,44,2022,20,24,NULL),(44,'Электродинамика',48,47,45,2021,18,22,NULL),(45,'Молекулярная физика',49,50,46,2020,16,20,NULL),(46,'Оптика',50,51,47,2022,21,25,NULL),(47,'Квантовая механика',52,53,48,2021,15,18,NULL),(48,'Термодинамика',53,52,49,2020,17,21,NULL),(49,'Астрономия 11 класс',53,54,50,2023,30,35,NULL),(50,'Химия 10 класс',54,55,51,2021,0,34,NULL),(51,'Химия 11 класс',55,54,52,2021,28,32,NULL),(52,'Органическая химия',56,57,53,2020,24,28,NULL),(53,'Неорганическая химия',57,56,54,2022,22,26,NULL),(54,'Аналитическая химия',58,59,55,2021,19,23,NULL),(55,'Химия для студентов',60,61,56,2020,26,30,NULL),(56,'Физическая химия',61,60,57,2022,18,22,NULL),(57,'Химические технологии',62,63,58,2021,21,25,NULL),(58,'Лабораторный практикум по химии',63,64,59,2023,16,20,NULL),(59,'Общая биология',65,66,60,2021,25,30,NULL),(60,'Экология',66,65,61,2022,24,28,NULL),(61,'Информатика 10-11 класс',67,68,62,2021,40,45,NULL),(62,'Информационные технологии',68,67,63,2022,37,42,NULL),(63,'Программирование на Python',69,70,64,2023,33,38,NULL),(64,'Основы алгоритмизации',70,71,65,2021,28,32,NULL),(65,'Базы данных SQL',71,72,66,2022,0,30,NULL),(66,'Компьютерные сети',72,73,67,2020,24,28,NULL),(67,'Web-программирование HTML/CSS',74,75,68,2023,30,35,NULL),(68,'Операционные системы Linux',75,76,69,2021,22,26,NULL),(69,'Архитектура компьютера',76,77,70,2020,20,24,NULL),(70,'Информационная безопасность',77,78,71,2022,25,29,NULL),(71,'Объектно-ориентированное программирование',79,80,72,2021,27,31,NULL),(72,'Системное администрирование',80,81,73,2023,18,22,NULL),(73,'Искусственный интеллект',81,82,74,2022,21,25,NULL),(74,'Машинное обучение',83,84,75,2023,23,27,NULL),(75,'Разработка на C#',85,86,76,2021,15,20,NULL),(76,'Java для начинающих',87,88,77,2020,20,25,NULL),(77,'JavaScript полное руководство',89,90,78,2022,25,30,NULL),(78,'PHP и MySQL',91,92,79,2019,1,15,NULL),(79,'Разработка мобильных приложений',93,94,80,2023,18,20,NULL),(80,'Тестирование ПО',95,96,81,2021,18,22,NULL),(81,'Git для профессионалов',97,98,82,2022,15,18,NULL),(82,'Docker и контейнеризация',99,100,83,2023,12,16,NULL),(83,'DevOps практики',101,102,84,2021,10,14,NULL),(84,'Сетевая безопасность',103,104,85,2020,16,20,NULL),(85,'Криптография',105,106,86,2022,12,15,NULL),(86,'Облачные технологии',107,108,87,2023,14,18,NULL),(87,'Анализ данных',109,110,88,2021,16,20,NULL),(88,'Excel для экономистов',111,112,89,2020,0,30,NULL),(89,'1С: Предприятие',113,114,90,2022,30,35,NULL),(90,'Компьютерная графика',115,116,91,2021,18,22,NULL),(91,'3D Моделирование',117,118,92,2023,12,15,NULL),(92,'Adobe Photoshop учебник',119,120,93,2020,16,20,NULL),(93,'Видеомонтаж',121,122,94,2022,0,14,NULL),(94,'UX/UI Дизайн',123,124,95,2023,15,18,NULL),(95,'Управление IT-проектами',125,126,96,2021,16,20,NULL),(96,'Scrum и Agile',127,128,97,2022,12,16,NULL),(97,'Технический английский',129,130,98,2020,20,25,NULL),(98,'История вычислительной техники',131,NULL,99,2019,10,12,NULL),(99,'Робототехника',132,133,100,2023,12,15,NULL),(100,'Микроконтроллеры',134,135,1,2021,14,18,NULL),(101,'Техническая механика',111,112,2,2021,0,35,NULL),(102,'Теоретическая механика',112,113,3,2020,28,32,NULL),(103,'Сопротивление материалов',114,115,4,2022,26,30,NULL),(104,'Детали машин',115,116,5,2021,0,28,NULL),(105,'Материаловедение',116,117,6,2020,0,40,NULL),(106,'Технология металлов',118,119,7,2022,22,26,NULL),(107,'Метрология и стандартизация',119,120,8,2021,25,29,NULL),(108,'Инженерная графика',120,121,9,2020,31,36,NULL),(109,'Начертательная геометрия',121,122,10,2022,28,32,NULL),(110,'Черчение',123,124,11,2021,30,34,NULL),(111,'Электротехника',124,125,12,2021,33,38,NULL),(112,'Основы электротехники',125,126,13,2020,37,42,NULL),(113,'Электроника',127,128,14,2022,26,30,NULL),(114,'Цифровая схемотехника',128,129,15,2021,24,28,NULL),(115,'Электрические машины',129,130,16,2020,22,26,NULL),(116,'Электропривод',130,131,17,2022,0,24,NULL),(117,'Электроснабжение предприятий',132,133,18,2021,25,29,NULL),(118,'Релейная защита',133,134,19,2020,18,22,NULL),(119,'Устройство автомобиля',134,135,20,2021,40,45,NULL),(120,'Двигатели внутреннего сгорания',135,136,21,2020,33,38,NULL),(121,'ТО и ремонт автомобилей',137,138,22,2022,37,42,NULL),(122,'Автомобильные материалы',138,139,23,2020,28,32,NULL),(123,'Диагностика автомобилей',139,140,24,2022,30,35,NULL),(124,'Электрооборудование авто',141,142,25,2021,26,30,NULL),(125,'Трансмиссия автомобиля',142,143,26,2020,24,28,NULL),(126,'Сварочное производство',143,144,27,2021,20,25,NULL),(127,'Токарное дело',144,145,28,2020,15,20,NULL),(128,'Фрезерное дело',145,146,29,2022,14,18,NULL),(129,'ЧПУ станки',146,147,30,2023,18,22,NULL),(130,'Гидравлика',147,148,31,2021,16,20,NULL),(131,'Пневматика',148,149,32,2020,14,18,NULL),(132,'Теплотехника',149,150,33,2022,20,24,NULL),(133,'Строительные материалы',150,1,34,2021,25,30,NULL),(134,'Основы строительства',1,2,35,2020,24,28,NULL),(135,'Геодезия',2,3,36,2022,20,25,NULL),(136,'Охрана труда',3,4,37,2021,35,40,NULL),(137,'Промышленная безопасность',4,5,38,2020,25,30,NULL),(138,'Безопасность жизнедеятельности',5,6,39,2022,40,45,NULL),(139,'Пожарная безопасность',6,7,40,2021,20,25,NULL),(140,'Электробезопасность',7,8,41,2020,18,22,NULL),(141,'Слесарное дело',8,9,42,2019,30,35,NULL),(142,'Монтаж оборудования',9,10,43,2021,16,20,NULL),(143,'Автоматизация производства',10,11,44,2022,20,24,NULL),(144,'Робототехнические комплексы',11,12,45,2023,14,18,NULL),(145,'Мехатроника',12,13,46,2021,0,16,NULL),(146,'Радиотехника',13,14,47,2020,15,20,NULL),(147,'Телекоммуникации',14,15,48,2022,18,22,NULL),(148,'Спутниковая связь',15,NULL,49,2023,10,15,NULL),(149,'Волоконная оптика',16,17,50,2021,14,18,NULL),(150,'Нанотехнологии',17,NULL,51,2022,10,12,NULL),(151,'История России 10 класс',18,19,52,2021,35,40,NULL),(152,'История России 11 класс',19,18,53,2021,33,38,NULL),(153,'Всеобщая история',20,21,54,2020,30,36,NULL),(154,'История мировых войн',21,NULL,55,2019,20,25,NULL),(155,'Русский язык 10 класс',22,23,56,2021,38,42,NULL),(156,'Русский язык 11 класс',23,22,57,2021,35,40,NULL),(157,'Литература 10 класс',24,25,58,2020,30,35,NULL),(158,'Литература 11 класс',25,24,59,2020,28,33,NULL),(159,'Английский язык 10 класс',26,27,60,2021,40,45,NULL),(160,'Английский язык 11 класс',27,26,61,2021,37,42,NULL),(161,'Технический английский',28,29,62,2022,25,30,NULL),(162,'Немецкий язык',29,28,63,2020,15,20,NULL),(163,'Обществознание 10 класс',30,31,64,2021,0,40,NULL),(164,'Обществознание 11 класс',31,30,65,2021,33,38,NULL),(165,'Правоведение',32,33,66,2022,30,35,NULL),(166,'Основы философии',33,32,67,2020,20,25,NULL),(167,'Культурология',34,35,68,2019,15,20,NULL),(168,'Социология',35,34,69,2021,18,22,NULL),(169,'Политология',36,37,70,2020,14,18,NULL),(170,'Психология общения',37,36,71,2022,25,30,NULL),(171,'Психология личности',38,39,72,2021,20,25,NULL),(172,'Конфликтология',39,38,73,2023,16,20,NULL),(173,'Педагогика',40,41,74,2020,10,15,NULL),(174,'Риторика',41,40,75,2022,14,18,NULL),(175,'Логика',42,43,76,2021,0,16,NULL),(176,'Этика',43,42,77,2020,10,14,NULL),(177,'Эстетика',44,NULL,78,2019,8,12,NULL),(178,'Краеведение',45,46,79,2021,15,20,NULL),(179,'Религиоведение',46,NULL,80,2020,10,15,NULL),(180,'Археология',47,48,81,2022,5,10,NULL),(181,'Этнография',48,47,82,2021,0,12,NULL),(182,'История искусств',49,50,83,2020,14,18,NULL),(183,'Русский язык: культура речи',50,49,84,2022,20,25,NULL),(184,'Деловая переписка',51,52,85,2021,18,22,NULL),(185,'Основы права',52,51,86,2020,0,30,NULL),(186,'Трудовое право',53,54,87,2022,24,28,NULL),(187,'Гражданское право',54,53,88,2021,22,26,NULL),(188,'Уголовное право',55,56,89,2020,20,24,NULL),(189,'Семейное право',56,55,90,2022,16,20,NULL),(190,'Административное право',57,58,91,2021,18,22,NULL),(191,'Конституционное право',58,57,92,2020,20,25,NULL),(192,'История государства и права',59,60,93,2019,10,15,NULL),(193,'Латинский язык',60,NULL,94,2021,5,10,NULL),(194,'Французский язык',61,62,95,2020,10,15,NULL),(195,'Языкознание',62,NULL,96,2022,8,12,NULL),(196,'Литературоведение',63,NULL,97,2021,10,14,NULL),(197,'Журналистика',64,65,98,2020,12,16,NULL),(198,'Библиотековедение',65,NULL,99,2023,5,10,NULL),(199,'Архивоведение',66,NULL,100,2021,8,12,NULL),(200,'Документооборот',67,68,1,2022,0,20,NULL),(201,'Экономика предприятия',68,69,2,2021,30,35,NULL),(202,'Микроэкономика',69,68,3,2020,25,30,NULL),(203,'Макроэкономика',70,71,4,2022,24,28,NULL),(204,'Бухгалтерский учет',71,70,5,2021,0,40,NULL),(205,'Финансы и кредит',72,73,6,2020,28,32,NULL),(206,'Налоги и налогообложение',73,72,7,2022,26,30,NULL),(207,'Аудит',74,75,8,2021,20,25,NULL),(208,'Менеджмент',75,74,9,2020,30,35,NULL),(209,'Маркетинг',76,77,10,2022,28,33,NULL),(210,'Управление персоналом',77,76,11,2021,24,28,NULL),(211,'Логистика',78,79,12,2020,22,26,NULL),(212,'Внешнеэкономическая деятельность',79,78,13,2022,20,24,NULL),(213,'Статистика',80,81,14,2021,0,30,NULL),(214,'Банковское дело',81,80,15,2020,24,28,NULL),(215,'Страхование',82,83,16,2022,18,22,NULL),(216,'Рынок ценных бумаг',83,82,17,2021,16,20,NULL),(217,'Инвестиции',84,85,18,2020,14,18,NULL),(218,'Бизнес-планирование',85,84,19,2023,20,25,NULL),(219,'Ценообразование',86,87,20,2021,15,20,NULL),(220,'Коммерческая деятельность',87,86,21,2020,18,22,NULL),(221,'Товароведение',88,89,22,2022,22,26,NULL),(222,'Организация торговли',89,88,23,2021,20,24,NULL),(223,'Рекламное дело',90,91,24,2020,16,20,NULL),(224,'Связи с общественностью (PR)',91,90,25,2022,14,18,NULL),(225,'Основы предпринимательства',92,93,26,2021,25,30,NULL),(226,'Экономическая теория',93,92,27,2020,24,28,NULL),(227,'История экономики',94,95,28,2019,10,15,NULL),(228,'Мировая экономика',95,94,29,2022,20,25,NULL),(229,'Региональная экономика',96,97,30,2021,15,20,NULL),(230,'Экономика труда',97,96,31,2020,0,22,NULL),(231,'Анализ хозяйственной деятельности',98,99,32,2022,20,24,NULL),(232,'Управленческий учет',99,98,33,2021,22,26,NULL),(233,'Финансовый менеджмент',100,101,34,2020,24,28,NULL),(234,'Стратегический менеджмент',101,100,35,2022,16,20,NULL),(235,'Инновационный менеджмент',102,103,36,2021,14,18,NULL),(236,'Риск-менеджмент',103,102,37,2020,12,16,NULL),(237,'Тайм-менеджмент',104,105,38,2023,20,25,NULL),(238,'Деловая этика',105,104,39,2021,15,20,NULL),(239,'Корпоративная культура',106,107,40,2020,14,18,NULL),(240,'Управление качеством',107,106,41,2022,18,22,NULL),(241,'Стандартизация и сертификация',108,109,42,2021,16,20,NULL),(242,'Экономическая безопасность',109,108,43,2020,20,24,NULL),(243,'Таможенное дело',110,111,44,2022,10,15,NULL),(244,'Государственное управление',111,110,45,2021,0,18,NULL),(245,'Муниципальное управление',112,113,46,2020,12,16,NULL),(246,'Интернет-маркетинг',113,112,47,2023,20,25,NULL),(247,'Электронная коммерция',114,115,48,2021,18,22,NULL),(248,'Бренд-менеджмент',115,114,49,2020,10,15,NULL),(249,'Поведение потребителей',116,117,50,2022,14,18,NULL),(250,'Мерчандайзинг',117,116,51,2021,12,16,NULL),(251,'Властелин колец',118,NULL,52,2020,10,15,NULL),(252,'Гарри Поттер',119,NULL,53,2019,12,18,NULL),(253,'Хоббит',120,NULL,54,2021,12,16,NULL),(254,'Ведьмак',121,NULL,55,2020,10,14,NULL),(255,'Игра престолов',122,NULL,56,2019,10,15,NULL),(256,'Дюна',123,140,57,2021,8,12,NULL),(257,'Звездные войны',124,141,58,2020,5,10,NULL),(258,'451 градус по Фаренгейту',125,NULL,59,2019,15,20,NULL),(259,'1984',126,NULL,60,2021,0,22,NULL),(260,'О дивный новый мир',127,NULL,61,2020,16,20,NULL),(261,'Затерянный мир',128,NULL,62,2019,14,18,NULL),(262,'Вокруг света за 80 дней',129,NULL,63,2021,12,16,NULL),(263,'Двадцать тысяч лье под водой',130,NULL,64,2020,10,15,NULL),(264,'Айвенго',131,NULL,65,2019,10,14,NULL),(265,'Копи царя Соломона',132,NULL,66,2021,8,12,NULL),(266,'Всадник без головы',133,NULL,67,2020,10,15,NULL),(267,'Шерлок Холмс: Этюд в багровых тонах',134,NULL,68,2019,15,20,NULL),(268,'Убийство на улице Морг',135,NULL,69,2021,14,18,NULL),(269,'Азазель',136,NULL,70,2020,0,16,NULL),(270,'Турецкий гамбит',137,NULL,71,2022,10,15,NULL),(271,'Левиафан',138,NULL,72,2021,10,14,NULL),(272,'Статский советник',139,NULL,73,2020,10,15,NULL),(273,'Алмазная колесница',140,NULL,74,2019,0,12,NULL),(274,'Футбол: правила игры',141,142,75,2022,15,20,NULL),(275,'Баскетбол для начинающих',142,141,76,2021,14,18,NULL),(276,'Волейбол',143,144,77,2020,12,16,NULL),(277,'Хоккей',144,143,78,2022,10,15,NULL),(278,'Легкая атлетика',145,146,79,2021,15,20,NULL),(279,'Плавание',146,145,80,2020,14,18,NULL),(280,'Шахматы',147,148,81,2022,18,22,NULL),(281,'Теннис',148,147,82,2021,10,15,NULL),(282,'Фитнес и здоровье',149,150,83,2023,20,25,NULL),(283,'Йога для всех',150,149,84,2022,15,20,NULL),(284,'Бокс',1,2,85,2021,8,12,NULL),(285,'Борьба',2,1,86,2020,0,10,NULL),(286,'Туризм и путешествия',3,4,87,2022,14,18,NULL),(287,'Выживание в дикой природе',4,3,88,2021,10,15,NULL),(288,'Охота и рыбалка',5,6,89,2020,8,12,NULL),(289,'Кулинарная книга',6,5,90,2023,20,25,NULL),(290,'Рецепты русской кухни',7,8,91,2022,15,20,NULL),(291,'Итальянская кухня',8,7,92,2021,14,18,NULL),(292,'Французская кухня',9,10,93,2020,12,16,NULL),(293,'Азиатская кухня',10,9,94,2022,10,15,NULL),(294,'Выпечка и десерты',11,12,95,2021,15,20,NULL),(295,'Садоводство',12,11,96,2020,14,18,NULL),(296,'Цветоводство',13,14,97,2022,12,16,NULL),(297,'Ландшафтный дизайн',14,13,98,2021,10,15,NULL),(298,'Домашние животные',15,16,99,2020,15,20,NULL),(299,'Уход за собакой',16,15,100,2022,14,18,NULL),(300,'Уход за кошкой',17,18,1,2021,14,18,NULL),(301,'Аквариумистика',18,17,2,2020,8,12,NULL),(302,'Фотография для начинающих',19,20,3,2022,15,20,NULL),(303,'Рисование карандашом',20,19,4,2021,14,18,NULL),(304,'Живопись маслом',21,22,5,2020,10,15,NULL),(305,'Игра на гитаре',22,21,6,2022,18,22,NULL),(306,'Игра на фортепиано',23,24,7,2021,16,20,NULL),(307,'Рукоделие',24,23,8,2020,14,18,NULL),(308,'Вязание',25,26,9,2022,10,15,NULL),(309,'Шитье',26,25,10,2021,10,15,NULL),(310,'Вышивка',27,28,11,2020,8,12,NULL),(311,'Словарь синонимов',28,29,12,2021,20,25,NULL),(312,'Словарь антонимов',29,28,13,2020,15,20,NULL),(313,'Фразеологический словарь',30,31,14,2022,14,18,NULL),(314,'Энциклопедия животных',31,30,15,2021,18,22,NULL),(315,'Энциклопедия растений',32,33,16,2020,16,20,NULL),(316,'Энциклопедия космоса',33,32,17,2022,14,18,NULL),(317,'Атлас мира',34,35,18,2021,0,25,NULL),(318,'Карта России',35,34,19,2020,25,30,NULL),(319,'Правила дорожного движения',36,NULL,20,2023,45,50,NULL),(320,'Конституция РФ',37,NULL,21,2023,35,40,NULL),(321,'Трудовой кодекс РФ',38,NULL,22,2023,30,35,NULL),(322,'Гражданский кодекс РФ',39,NULL,23,2023,25,30,NULL),(323,'Уголовный кодекс РФ',40,NULL,24,2023,20,25,NULL),(324,'Жилищный кодекс РФ',41,NULL,25,2023,15,20,NULL),(325,'Семейный кодекс РФ',42,NULL,26,2023,14,18,NULL),(326,'Налоговый кодекс РФ',43,NULL,27,2023,18,22,NULL),(327,'Бюджетный кодекс РФ',44,NULL,28,2023,10,15,NULL),(328,'Земельный кодекс РФ',45,NULL,29,2023,10,15,NULL),(329,'Лесной кодекс РФ',46,NULL,30,2023,8,12,NULL),(330,'Водный кодекс РФ',47,NULL,31,2023,8,12,NULL),(331,'Сборник законов',48,49,32,2022,15,20,NULL),(332,'Справочник юриста',49,48,33,2021,14,18,NULL),(333,'Справочник бухгалтера',50,51,34,2022,20,25,NULL),(334,'Справочник кадровика',51,50,35,2021,18,22,NULL),(335,'Справочник врача',52,53,36,2020,16,20,NULL),(336,'Справочник строителя',53,52,37,2022,14,18,NULL),(337,'Справочник электрика',54,55,38,2021,15,20,NULL),(338,'Справочник автомеханика',55,54,39,2020,18,22,NULL),(339,'Справочник программиста',56,57,40,2022,20,25,NULL),(340,'История родного края',57,56,41,2021,10,15,NULL),(341,'Памятники архитектуры',58,59,42,2020,8,12,NULL),(342,'Музеи мира',59,58,43,2022,14,18,NULL),(343,'Великие художники',60,61,44,2021,15,20,NULL),(344,'Великие композиторы',61,60,45,2020,14,18,NULL),(345,'Театр и кино',62,63,46,2022,12,16,NULL),(346,'История моды',63,62,47,2021,10,15,NULL),(347,'Дизайн интерьера',64,65,48,2020,15,20,NULL),(348,'Стиль и имидж',65,64,49,2022,14,18,NULL),(349,'Косметология',66,67,50,2021,12,16,NULL),(350,'Массаж',67,66,51,2020,10,15,NULL),(351,'Нетрадиционная медицина',68,69,52,2022,8,12,NULL),(352,'Лекарственные растения',69,68,53,2021,14,18,NULL),(353,'Грибы России',70,71,54,2020,10,15,NULL),(354,'Птицы России',71,70,55,2022,0,16,NULL),(355,'Рыбы России',72,73,56,2021,10,14,NULL),(356,'Насекомые',73,72,57,2020,8,12,NULL),(357,'Деревья и кустарники',74,75,58,2022,10,15,NULL),(358,'Минералы и камни',75,74,59,2021,10,14,NULL),(359,'Драгоценные камни',76,77,60,2020,8,12,NULL),(360,'Нумизматика',77,76,61,2022,5,10,NULL),(361,'Филателия',78,79,62,2021,5,10,NULL),(362,'Коллекционирование',79,78,63,2020,8,12,NULL),(363,'Моделирование',80,81,64,2022,10,15,NULL),(364,'Оригами',81,80,65,2021,10,14,NULL),(365,'Пэчворк',82,83,66,2020,8,12,NULL),(366,'Скрапбукинг',83,82,67,2022,8,12,NULL),(367,'Декупаж',84,85,68,2021,8,12,NULL),(368,'Мыловарение',85,84,69,2020,5,10,NULL),(369,'Свечеварение',86,87,70,2022,0,10,NULL),(370,'Керамика',87,86,71,2021,10,14,NULL),(371,'Гончарное дело',88,89,72,2020,8,12,NULL),(372,'Резьба по дереву',89,88,73,2022,10,15,NULL),(373,'Выжигание',90,91,74,2021,10,14,NULL),(374,'Чеканка',91,90,75,2020,8,12,NULL),(375,'Бисероплетение',92,93,76,2022,10,15,NULL),(376,'Макраме',93,92,77,2021,10,14,NULL),(377,'Валяние',94,95,78,2020,8,12,NULL),(378,'Батик',95,94,79,2022,8,12,NULL),(379,'Витраж',96,97,80,2021,8,12,NULL),(380,'Мозаика',97,96,81,2020,8,12,NULL),(381,'123Азбука',55,94,88,2026,15,15,NULL),(402,'123123',79,59,90,2026,234,234,'3e69affc-283c-4ec9-b974-7930ddecd382.jpg');
/*!40000 ALTER TABLE `books` ENABLE KEYS */;
UNLOCK TABLES;

--
-- Table structure for table `borrowings`
--

DROP TABLE IF EXISTS `borrowings`;
/*!40101 SET @saved_cs_client     = @@character_set_client */;
/*!50503 SET character_set_client = utf8mb4 */;
CREATE TABLE `borrowings` (
  `BorrowingID` int NOT NULL AUTO_INCREMENT,
  `StudentID` int NOT NULL,
  `BookID` int NOT NULL,
  `BorrowDate` varchar(20) COLLATE utf8mb4_unicode_ci NOT NULL,
  `ReturnDate` varchar(20) COLLATE utf8mb4_unicode_ci DEFAULT NULL,
  `Count` int DEFAULT NULL,
  PRIMARY KEY (`BorrowingID`),
  KEY `StudentID` (`StudentID`),
  KEY `BookID` (`BookID`),
  CONSTRAINT `Borrowings_ibfk_1` FOREIGN KEY (`StudentID`) REFERENCES `students` (`StudentID`),
  CONSTRAINT `Borrowings_ibfk_2` FOREIGN KEY (`BookID`) REFERENCES `books` (`BookID`)
) ENGINE=InnoDB AUTO_INCREMENT=302 DEFAULT CHARSET=utf8mb4 COLLATE=utf8mb4_unicode_ci;
/*!40101 SET character_set_client = @saved_cs_client */;

--
-- Dumping data for table `borrowings`
--

LOCK TABLES `borrowings` WRITE;
/*!40000 ALTER TABLE `borrowings` DISABLE KEYS */;
INSERT INTO `borrowings` VALUES (1,190,24,'11.06.2021','13.06.2021',10),(2,362,109,'16.07.2024','25.07.2024',2),(3,190,235,'15.10.2022','28.10.2022',13),(4,336,120,'27.11.2024','30.11.2024',6),(5,60,10,'04.11.2023','16.11.2023',4),(6,353,71,'31.12.2020','24.01.2021',11),(7,286,135,'27.02.2022','28.02.2022',9),(8,370,94,'16.06.2025','19.06.2025',8),(9,70,250,'20.04.2024','16.05.2024',6),(10,209,271,'06.10.2020','26.10.2020',12),(11,348,8,'14.01.2023','07.02.2023',2),(12,299,147,'21.05.2024','08.06.2024',9),(13,257,43,'13.02.2021','26.02.2021',2),(14,33,159,'16.12.2021','22.12.2021',13),(15,195,254,'11.09.2024','08.10.2024',5),(16,116,108,'15.09.2022','27.09.2022',3),(17,287,37,'28.01.2025','09.02.2025',4),(18,225,282,'30.04.2022','24.05.2022',9),(19,178,263,'28.02.2023','11.03.2023',12),(20,114,242,'19.06.2024','22.06.2024',11),(21,259,36,'05.06.2021','17.06.2021',7),(22,160,287,'21.08.2025','12.09.2025',1),(23,268,262,'04.08.2022','06.08.2022',12),(24,259,13,'16.02.2021','01.03.2021',8),(25,298,54,'30.12.2020','24.01.2021',8),(26,3,186,'03.12.2024','08.12.2024',9),(27,365,69,'12.08.2022','18.08.2022',3),(28,246,274,'20.12.2021','16.01.2022',3),(29,131,251,'17.06.2025','25.06.2025',10),(30,305,51,'02.05.2024','12.05.2024',13),(31,93,57,'14.08.2024','07.09.2024',13),(32,52,97,'01.03.2024','09.03.2024',10),(33,297,112,'18.04.2025','13.05.2025',1),(34,359,47,'26.02.2022','08.03.2022',10),(35,121,84,'16.10.2020','11.11.2020',9),(36,269,157,'11.10.2020','30.10.2020',9),(37,366,267,'24.11.2024','28.11.2024',7),(38,361,235,'07.01.2021','29.01.2021',6),(39,330,263,'13.02.2022','28.02.2022',4),(40,385,247,'16.09.2024','12.10.2024',8),(41,161,130,'06.08.2025','09.08.2025',10),(42,234,270,'05.07.2023','03.08.2023',3),(43,286,173,'10.09.2023','22.09.2023',13),(44,256,205,'09.12.2020','28.12.2020',1),(45,68,124,'28.05.2023','31.05.2023',6),(46,83,87,'14.06.2022','13.07.2022',1),(47,62,201,'16.08.2024','25.08.2024',9),(48,186,273,'25.04.2022','03.05.2022',13),(49,288,49,'21.12.2021','24.12.2021',2),(50,75,223,'06.10.2023','24.10.2023',9),(51,124,205,'01.05.2022','19.05.2022',4),(52,316,288,'07.02.2022','17.02.2022',6),(53,59,188,'09.11.2024','08.12.2024',13),(54,262,87,'02.09.2024','24.09.2024',2),(55,36,169,'06.05.2023','17.05.2023',5),(56,64,24,'11.04.2021','28.04.2021',5),(57,131,100,'13.09.2022','11.10.2022',5),(58,80,151,'25.06.2023','17.07.2023',2),(59,135,251,'12.05.2021','29.05.2021',11),(60,236,8,'02.10.2021','22.10.2021',6),(61,3,19,'29.03.2025','08.04.2025',7),(62,136,164,'03.01.2025','31.01.2025',12),(63,351,66,'21.05.2024','17.06.2024',2),(64,165,212,'22.07.2025','10.08.2025',3),(65,255,39,'13.06.2024','09.07.2024',12),(66,137,201,'16.12.2023','10.01.2024',2),(67,264,29,'07.01.2021','22.01.2021',10),(68,357,88,'09.11.2024','14.11.2024',5),(69,32,218,'20.02.2024','03.03.2024',6),(70,119,171,'24.07.2021','14.08.2021',10),(71,73,233,'09.01.2021','01.02.2021',6),(72,389,45,'05.10.2024','09.10.2024',2),(73,175,61,'13.07.2024','18.07.2024',6),(74,384,58,'24.03.2021','17.04.2021',9),(75,166,288,'30.11.2023','10.12.2023',7),(76,203,186,'16.11.2021','19.11.2021',13),(77,59,163,'03.02.2024','12.02.2024',3),(78,398,182,'30.06.2025','16.07.2025',9),(79,199,61,'17.09.2022','02.10.2022',9),(80,245,31,'04.01.2023','25.01.2023',1),(81,283,172,'02.11.2023','28.11.2023',12),(82,138,241,'04.11.2021','11.11.2021',6),(83,167,172,'25.10.2021','13.11.2021',13),(84,79,220,'07.12.2022','14.12.2022',8),(85,83,177,'14.08.2021','09.09.2021',4),(86,74,8,'13.07.2024','27.07.2024',3),(87,125,64,'07.08.2021','02.09.2021',7),(88,16,236,'30.06.2024','28.07.2024',4),(89,261,220,'26.02.2023','07.03.2023',1),(90,145,127,'09.01.2021','17.01.2021',9),(91,235,222,'25.12.2023','30.12.2023',4),(92,245,152,'13.04.2023','04.05.2023',7),(93,270,202,'13.01.2024','06.02.2024',7),(94,369,176,'09.03.2022','29.03.2022',4),(95,398,18,'30.03.2021','04.04.2021',12),(96,392,17,'28.09.2023','20.10.2023',9),(97,352,280,'07.01.2024','03.02.2024',9),(98,64,296,'06.05.2021','14.05.2021',11),(99,352,298,'07.11.2024','30.11.2024',5),(100,67,221,'14.05.2021','04.06.2021',2),(101,92,137,'16.09.2022','23.09.2022',4),(102,14,43,'13.01.2023','24.01.2023',6),(103,351,38,'21.10.2021','02.11.2021',8),(104,2,85,'17.12.2021','27.12.2021',2),(105,324,142,'13.07.2021','09.08.2021',5),(106,234,28,'19.01.2023','17.02.2023',5),(107,200,29,'04.05.2021','05.05.2021',8),(108,138,105,'31.10.2023','20.11.2023',3),(109,162,139,'03.07.2025','26.07.2025',1),(110,1,146,'14.08.2021','30.08.2021',10),(111,39,125,'25.01.2024','23.02.2024',1),(112,223,244,'10.10.2023','04.11.2023',9),(113,134,93,'09.07.2025','11.07.2025',13),(114,293,109,'18.03.2021','09.04.2021',9),(115,346,228,'13.12.2022','10.01.2023',8),(116,136,99,'19.05.2021','23.05.2021',7),(117,355,259,'24.04.2023','28.04.2023',8),(118,221,159,'23.01.2022','21.02.2022',8),(119,111,53,'23.02.2025','26.02.2025',1),(120,169,299,'30.08.2021','01.09.2021',4),(121,326,139,'20.02.2023','13.03.2023',12),(122,204,29,'08.01.2024','17.01.2024',3),(123,347,224,'20.02.2021','10.03.2021',6),(124,252,298,'18.02.2021','07.03.2021',8),(125,18,14,'22.10.2024','19.11.2024',2),(126,136,157,'22.09.2024','17.10.2024',4),(127,187,17,'24.06.2025','21.07.2025',12),(128,209,296,'14.04.2022','16.04.2022',13),(129,347,230,'14.12.2022','01.01.2023',11),(130,65,16,'02.09.2022','26.09.2022',4),(131,399,45,'05.12.2020','16.12.2020',13),(132,285,154,'15.08.2023','06.09.2023',7),(133,78,161,'21.11.2024','19.12.2024',11),(134,215,47,'10.05.2024','30.05.2024',13),(135,15,107,'12.07.2024','21.07.2024',5),(136,392,2,'23.02.2024','17.03.2024',5),(137,38,227,'15.12.2022','29.12.2022',11),(138,385,274,'04.06.2023','08.06.2023',1),(139,272,53,'24.02.2021','25.03.2021',10),(140,130,264,'19.06.2023','13.07.2023',7),(141,111,6,'10.06.2024','04.07.2024',9),(142,292,261,'06.08.2024','15.08.2024',5),(143,172,209,'11.06.2025','22.06.2025',1),(144,383,30,'21.12.2022','12.01.2023',5),(145,150,17,'25.01.2021','19.02.2021',5),(146,86,264,'10.07.2022','06.08.2022',10),(147,148,113,'14.07.2024','27.07.2024',2),(148,356,292,'03.09.2024','02.10.2024',5),(149,190,119,'30.07.2022','04.08.2022',12),(150,272,297,'16.01.2023','13.02.2023',11),(151,318,59,'14.04.2023','29.04.2023',13),(152,42,18,'21.02.2021','18.03.2021',12),(153,34,53,'01.03.2024','19.03.2024',13),(154,337,179,'27.12.2022','14.01.2023',2),(155,147,47,'04.06.2025','27.06.2025',8),(156,245,161,'15.03.2025','31.03.2025',5),(157,231,96,'21.08.2022','07.09.2022',8),(158,375,126,'13.09.2025','11.10.2025',9),(159,354,141,'04.10.2023','01.11.2023',4),(160,271,120,'26.07.2023','23.08.2023',1),(161,105,204,'17.12.2024','23.12.2024',7),(162,229,140,'28.12.2022','11.01.2023',7),(163,204,64,'28.06.2024','13.07.2024',7),(164,258,222,'31.01.2021','11.02.2021',6),(165,222,202,'23.02.2021','09.03.2021',5),(166,200,124,'31.05.2023','08.06.2023',10),(167,283,169,'23.09.2023','05.10.2023',4),(168,86,91,'04.10.2021','26.10.2021',4),(169,308,28,'15.02.2023','16.03.2023',2),(170,10,264,'13.06.2022','22.06.2022',3),(171,62,221,'17.07.2023','11.08.2023',2),(172,136,11,'09.10.2021','27.10.2021',9),(173,202,149,'31.08.2023','20.09.2023',2),(174,82,119,'12.08.2025','28.08.2025',13),(175,368,244,'16.09.2025','20.09.2025',8),(176,232,50,'01.02.2024','02.02.2024',11),(177,74,240,'13.09.2021','28.09.2021',6),(178,215,71,'24.04.2022','04.05.2022',11),(179,391,50,'02.02.2021','07.02.2021',1),(180,154,139,'26.01.2024','04.02.2024',4),(181,78,282,'28.12.2022','17.01.2023',7),(182,86,267,'25.07.2022','26.07.2022',2),(183,380,57,'10.06.2021','24.06.2021',7),(184,283,97,'03.09.2021','14.09.2021',12),(185,40,42,'14.04.2022','05.05.2022',12),(186,150,115,'28.09.2022','02.10.2022',5),(187,246,204,'10.08.2024','12.08.2024',5),(188,264,92,'06.06.2023','25.06.2023',2),(189,138,106,'27.05.2024','25.06.2024',4),(190,181,59,'27.09.2022','22.10.2022',7),(191,181,103,'08.06.2024','19.06.2024',11),(192,351,146,'03.12.2023','26.12.2023',9),(193,224,296,'18.06.2021','02.07.2021',2),(194,286,205,'01.04.2023','08.04.2023',12),(195,387,125,'15.11.2021','13.12.2021',11),(196,134,107,'28.10.2021','19.11.2021',6),(197,341,237,'09.12.2024','20.12.2024',9),(198,248,64,'29.09.2024','16.10.2024',7),(199,191,165,'03.01.2023','08.01.2023',10),(200,211,132,'09.09.2023','06.10.2023',6),(201,7,23,'27.11.2021','23.12.2021',6),(202,72,288,'17.03.2021','01.04.2021',11),(203,387,166,'15.10.2022','04.11.2022',8),(204,208,184,'02.11.2024','14.11.2024',12),(205,372,145,'28.04.2024','24.05.2024',3),(206,339,86,'07.08.2024','29.08.2024',7),(207,249,38,'04.12.2022','12.12.2022',2),(208,257,175,'02.09.2021','13.09.2021',11),(209,5,241,'03.04.2023','09.04.2023',13),(210,199,133,'12.01.2025','27.01.2025',1),(211,147,198,'02.10.2023','06.10.2023',1),(212,212,57,'07.09.2025','09.09.2025',12),(213,72,168,'17.12.2024','13.01.2025',11),(214,68,19,'14.11.2022','03.12.2022',1),(215,392,50,'09.01.2022','28.01.2022',3),(216,282,100,'30.08.2021','22.09.2021',10),(217,379,57,'09.12.2020','10.12.2020',3),(218,101,236,'05.07.2022','28.07.2022',4),(219,266,264,'13.07.2024','21.07.2024',6),(220,330,118,'12.08.2024','24.08.2024',11),(221,45,25,'17.09.2024','15.10.2024',8),(222,175,71,'21.08.2024','07.09.2024',10),(223,45,180,'12.09.2021','10.10.2021',5),(224,251,296,'17.01.2023','27.01.2023',9),(225,76,298,'07.12.2023','27.12.2023',2),(226,336,91,'24.02.2021','05.03.2021',9),(227,109,169,'28.03.2021','22.04.2021',12),(228,161,275,'23.10.2023','25.10.2023',10),(229,239,38,'27.02.2023','26.03.2023',6),(230,330,123,'11.07.2021','26.07.2021',10),(231,104,135,'09.03.2024','29.03.2024',3),(232,329,192,'25.07.2025','06.08.2025',6),(233,323,97,'15.05.2024','06.06.2024',12),(234,274,132,'14.10.2023','04.11.2023',9),(235,191,46,'26.09.2021','23.10.2021',6),(236,363,196,'26.11.2024','28.11.2024',8),(237,355,195,'08.11.2024','26.11.2024',3),(238,15,237,'12.01.2021','01.02.2021',1),(239,134,298,'21.06.2025','11.07.2025',7),(240,123,224,'25.05.2023','08.06.2023',8),(241,192,96,'15.05.2023','17.05.2023',7),(242,295,218,'25.08.2024','06.09.2024',8),(243,194,236,'29.10.2022','14.11.2022',10),(244,367,177,'13.09.2022','19.09.2022',5),(245,170,137,'09.03.2024','11.03.2024',6),(246,137,5,'12.05.2025','01.06.2025',10),(247,46,234,'22.08.2025','06.09.2025',7),(248,268,157,'19.02.2022','08.03.2022',10),(249,138,94,'28.04.2025','24.05.2025',6),(250,350,283,'05.11.2022','25.11.2022',7),(251,81,164,'02.06.2025','20.06.2025',8),(252,247,248,'08.11.2024','05.12.2024',3),(253,3,106,'12.03.2025','21.03.2025',2),(254,311,83,'08.05.2022','24.05.2022',4),(255,39,85,'20.03.2021','15.04.2021',12),(256,36,289,'01.09.2025','02.09.2025',8),(257,63,30,'26.12.2020','16.01.2021',5),(258,340,242,'11.08.2023','22.08.2023',8),(259,338,53,'23.08.2023','12.09.2023',6),(260,284,33,'06.07.2024','12.07.2024',5),(261,150,4,'10.01.2025','22.01.2025',9),(262,189,93,'01.06.2022','29.06.2022',2),(263,246,187,'16.02.2022','07.03.2022',6),(264,210,192,'08.05.2024','16.05.2024',1),(265,302,12,'31.10.2022','06.11.2022',13),(266,156,39,'20.12.2022','14.01.2023',3),(267,299,7,'04.07.2023','02.08.2023',11),(268,149,208,'20.09.2022','24.09.2022',4),(269,46,120,'15.02.2024','01.03.2024',3),(270,394,234,'25.09.2020','21.10.2020',11),(271,281,237,'01.07.2024','06.07.2024',6),(272,290,252,'09.07.2025','13.07.2025',12),(273,317,85,'12.08.2025','21.08.2025',8),(274,304,84,'29.12.2021','17.01.2022',9),(275,29,127,'05.03.2024','15.03.2024',7),(276,33,183,'18.01.2021','14.02.2021',11),(277,15,274,'30.03.2021','06.04.2021',5),(278,118,258,'15.11.2023','27.11.2023',1),(279,132,283,'26.12.2022','29.12.2022',10),(280,288,249,'15.01.2021','02.02.2021',10),(281,112,192,'18.01.2024','29.01.2024',1),(282,249,57,'25.06.2023','06.07.2023',13),(283,49,43,'31.03.2025','22.04.2025',4),(284,69,287,'20.01.2024','16.02.2024',2),(285,249,252,'17.04.2022','10.05.2022',2),(286,101,122,'03.03.2024','07.03.2024',7),(287,336,59,'23.05.2021','14.06.2021',2),(288,136,146,'29.09.2023','03.10.2023',8),(289,220,158,'23.11.2021','02.12.2021',6),(290,331,70,'25.02.2023','01.03.2023',8),(291,263,257,'28.12.2021','09.01.2022',13),(292,350,169,'23.09.2024','25.09.2024',11),(293,201,214,'16.02.2025','01.03.2025',10),(294,386,33,'27.12.2023','21.01.2024',8),(295,217,27,'13.02.2025','10.03.2025',10),(296,314,156,'10.05.2021','15.05.2021',4),(297,175,214,'22.10.2021','01.11.2021',7),(298,282,74,'14.12.2021','16.12.2021',3),(299,29,221,'08.10.2024','11.10.2024',3),(300,343,63,'14.02.2022','13.03.2022',7);
/*!40000 ALTER TABLE `borrowings` ENABLE KEYS */;
UNLOCK TABLES;

--
-- Table structure for table `categories`
--

DROP TABLE IF EXISTS `categories`;
/*!40101 SET @saved_cs_client     = @@character_set_client */;
/*!50503 SET character_set_client = utf8mb4 */;
CREATE TABLE `categories` (
  `CategoryID` int NOT NULL AUTO_INCREMENT,
  `Name` varchar(50) COLLATE utf8mb4_unicode_ci NOT NULL,
  PRIMARY KEY (`CategoryID`)
) ENGINE=InnoDB AUTO_INCREMENT=31 DEFAULT CHARSET=utf8mb4 COLLATE=utf8mb4_unicode_ci;
/*!40101 SET character_set_client = @saved_cs_client */;

--
-- Dumping data for table `categories`
--

LOCK TABLES `categories` WRITE;
/*!40000 ALTER TABLE `categories` DISABLE KEYS */;
INSERT INTO `categories` VALUES (1,'Художественная литература'),(2,'Научная фантастика'),(3,'Детективы'),(4,'Приключения'),(5,'Драма'),(6,'Поэзия'),(7,'Биографии'),(8,'История'),(9,'Философия'),(10,'Психология'),(11,'Экономика'),(12,'Медицина'),(13,'Техническая литература'),(14,'Компьютеры и технологии'),(15,'Искусство'),(16,'Кулинария'),(17,'Спорт'),(18,'Путешествия'),(19,'Детская литература'),(20,'Учебная литература'),(21,'Религия'),(22,'Публицистика'),(23,'Юмор'),(24,'Фэнтези'),(25,'Романтика'),(26,'Триллеры'),(27,'Комиксы'),(28,'Наука и образование'),(29,'Саморазвитие'),(30,'Эзотерика');
/*!40000 ALTER TABLE `categories` ENABLE KEYS */;
UNLOCK TABLES;

--
-- Table structure for table `groups`
--

DROP TABLE IF EXISTS `groups`;
/*!40101 SET @saved_cs_client     = @@character_set_client */;
/*!50503 SET character_set_client = utf8mb4 */;
CREATE TABLE `groups` (
  `GroupID` int NOT NULL AUTO_INCREMENT,
  `Name` varchar(50) COLLATE utf8mb4_unicode_ci NOT NULL,
  PRIMARY KEY (`GroupID`)
) ENGINE=InnoDB AUTO_INCREMENT=41 DEFAULT CHARSET=utf8mb4 COLLATE=utf8mb4_unicode_ci;
/*!40101 SET character_set_client = @saved_cs_client */;

--
-- Dumping data for table `groups`
--

LOCK TABLES `groups` WRITE;
/*!40000 ALTER TABLE `groups` DISABLE KEYS */;
INSERT INTO `groups` VALUES (1,'ИС-22А'),(2,'ИС-22Б'),(3,'ИС-23А'),(4,'ИС-23Б'),(5,'ИС-24А'),(6,'ИС-24Б'),(7,'ИС-25А'),(8,'ИС-25Б'),(9,'АТ-22А'),(10,'АТ-22Б'),(11,'АТ-23А'),(12,'АТ-23Б'),(13,'АТ-24А'),(14,'АТ-24Б'),(15,'АТ-25А'),(16,'АТ-25Б'),(17,'ТМ-22А'),(18,'ТМ-22Б'),(19,'ТМ-23А'),(20,'ТМ-23Б'),(21,'ТМ-24А'),(22,'ТМ-24Б'),(23,'ТМ-25А'),(24,'ТМ-25Б'),(25,'ЭО-22А'),(26,'ЭО-22Б'),(27,'ЭО-23А'),(28,'ЭО-23Б'),(29,'ЭО-24А'),(30,'ЭО-24Б'),(31,'ЭО-25А'),(32,'ЭО-25Б'),(33,'БУ-22А'),(34,'БУ-22Б'),(35,'БУ-23А'),(36,'БУ-23Б'),(37,'БУ-24А'),(38,'БУ-24Б'),(39,'БУ-25А'),(40,'БУ-25Б');
/*!40000 ALTER TABLE `groups` ENABLE KEYS */;
UNLOCK TABLES;

--
-- Table structure for table `publishers`
--

DROP TABLE IF EXISTS `publishers`;
/*!40101 SET @saved_cs_client     = @@character_set_client */;
/*!50503 SET character_set_client = utf8mb4 */;
CREATE TABLE `publishers` (
  `PublisherID` int NOT NULL AUTO_INCREMENT,
  `Name` varchar(100) COLLATE utf8mb4_unicode_ci NOT NULL,
  PRIMARY KEY (`PublisherID`)
) ENGINE=InnoDB AUTO_INCREMENT=101 DEFAULT CHARSET=utf8mb4 COLLATE=utf8mb4_unicode_ci;
/*!40101 SET character_set_client = @saved_cs_client */;

--
-- Dumping data for table `publishers`
--

LOCK TABLES `publishers` WRITE;
/*!40000 ALTER TABLE `publishers` DISABLE KEYS */;
INSERT INTO `publishers` VALUES (1,'Эксмо'),(2,'АСТ'),(3,'Просвещение'),(4,'Дрофа'),(5,'Азбука-Аттикус'),(6,'Питер'),(7,'Вильямс'),(8,'Альпина Паблишер'),(9,'Манн, Иванов и Фербер'),(10,'Росмэн'),(11,'Академия'),(12,'КноРус'),(13,'Юрайт'),(14,'Вентана-Граф'),(15,'Русское слово'),(16,'Экзамен'),(17,'Высшая школа'),(18,'Инфра-М'),(19,'Дашков и К'),(20,'Феникс'),(21,'Лань'),(22,'Проспект'),(23,'Флинта'),(24,'Наука'),(25,'Мир'),(26,'Бином'),(27,'Владос'),(28,'Аспект Пресс'),(29,'Омега-Л'),(30,'Юнити-Дана'),(31,'ДМК Пресс'),(32,'БХВ-Петербург'),(33,'Диалектика'),(34,'Символ-Плюс'),(35,'Техносфера'),(36,'Радио и связь'),(37,'Машиностроение'),(38,'Энергоатомиздат'),(39,'Транспорт'),(40,'Стройиздат'),(41,'Металлургия'),(42,'Химия'),(43,'КолосС'),(44,'Легкая промышленность'),(45,'Недра'),(46,'Судостроение'),(47,'Связь'),(48,'Советское радио'),(49,'Атомиздат'),(50,'Гидрометеоиздат'),(51,'Экономика'),(52,'Финансы и статистика'),(53,'Юридическая литература'),(54,'Статут'),(55,'Норма'),(56,'Городец'),(57,'Велби'),(58,'Мысль'),(59,'Политиздат'),(60,'Международные отношения'),(61,'Искусство'),(62,'Музыка'),(63,'Физкультура и спорт'),(64,'Советский спорт'),(65,'Медицина'),(66,'Гэотар-Медиа'),(67,'Педагогика'),(68,'Владос-Пресс'),(69,'Речь'),(70,'Смысл'),(71,'Детская литература'),(72,'Малыш'),(73,'Самовар'),(74,'Стрекоза'),(75,'Белый город'),(76,'Махаон'),(77,'Эгмонт'),(78,'Рипол Классик'),(79,'Олма Медиа Групп'),(80,'Вече'),(81,'Центрполиграф'),(82,'Амфора'),(83,'Иностранка'),(84,'КоЛибри'),(85,'Фантом Пресс'),(86,'Синдбад'),(87,'Текст'),(88,'Время'),(89,'Захаров'),(90,'Corpus'),(91,'Солон-Пресс'),(92,'Радиотехника'),(93,'Горячая линия - Телеком'),(94,'Интеллект'),(95,'Лаборатория знаний'),(96,'МЦНМО'),(97,'УРСС'),(98,'Ленанд'),(99,'КомКнига'),(100,'Либроком');
/*!40000 ALTER TABLE `publishers` ENABLE KEYS */;
UNLOCK TABLES;

--
-- Table structure for table `purchases`
--

DROP TABLE IF EXISTS `purchases`;
/*!40101 SET @saved_cs_client     = @@character_set_client */;
/*!50503 SET character_set_client = utf8mb4 */;
CREATE TABLE `purchases` (
  `PurchaseID` int NOT NULL AUTO_INCREMENT,
  `BookID` int NOT NULL,
  `Date` date NOT NULL,
  `Count` int NOT NULL,
  PRIMARY KEY (`PurchaseID`),
  KEY `BookID` (`BookID`),
  CONSTRAINT `purchases_ibfk_1` FOREIGN KEY (`BookID`) REFERENCES `books` (`BookID`) ON DELETE CASCADE
) ENGINE=InnoDB AUTO_INCREMENT=4 DEFAULT CHARSET=utf8mb4 COLLATE=utf8mb4_0900_ai_ci;
/*!40101 SET character_set_client = @saved_cs_client */;

--
-- Dumping data for table `purchases`
--

LOCK TABLES `purchases` WRITE;
/*!40000 ALTER TABLE `purchases` DISABLE KEYS */;
INSERT INTO `purchases` VALUES (1,381,'2026-01-08',17),(3,402,'2026-01-08',234);
/*!40000 ALTER TABLE `purchases` ENABLE KEYS */;
UNLOCK TABLES;

--
-- Table structure for table `roles`
--

DROP TABLE IF EXISTS `roles`;
/*!40101 SET @saved_cs_client     = @@character_set_client */;
/*!50503 SET character_set_client = utf8mb4 */;
CREATE TABLE `roles` (
  `RoleID` int NOT NULL AUTO_INCREMENT,
  `Name` varchar(50) COLLATE utf8mb4_unicode_ci NOT NULL,
  PRIMARY KEY (`RoleID`)
) ENGINE=InnoDB AUTO_INCREMENT=4 DEFAULT CHARSET=utf8mb4 COLLATE=utf8mb4_unicode_ci;
/*!40101 SET character_set_client = @saved_cs_client */;

--
-- Dumping data for table `roles`
--

LOCK TABLES `roles` WRITE;
/*!40000 ALTER TABLE `roles` DISABLE KEYS */;
INSERT INTO `roles` VALUES (1,'Администратор'),(2,'Библиотекарь'),(3,'Заведующий библиотекой');
/*!40000 ALTER TABLE `roles` ENABLE KEYS */;
UNLOCK TABLES;

--
-- Table structure for table `students`
--

DROP TABLE IF EXISTS `students`;
/*!40101 SET @saved_cs_client     = @@character_set_client */;
/*!50503 SET character_set_client = utf8mb4 */;
CREATE TABLE `students` (
  `StudentID` int NOT NULL AUTO_INCREMENT,
  `Name` varchar(50) COLLATE utf8mb4_unicode_ci NOT NULL,
  `Surname` varchar(50) COLLATE utf8mb4_unicode_ci NOT NULL,
  `Patronymic` varchar(50) COLLATE utf8mb4_unicode_ci DEFAULT NULL,
  `Group` int DEFAULT NULL,
  `Phone` varchar(20) COLLATE utf8mb4_unicode_ci DEFAULT NULL,
  PRIMARY KEY (`StudentID`),
  KEY `Group` (`Group`),
  CONSTRAINT `Students_ibfk_1` FOREIGN KEY (`Group`) REFERENCES `groups` (`GroupID`)
) ENGINE=InnoDB AUTO_INCREMENT=403 DEFAULT CHARSET=utf8mb4 COLLATE=utf8mb4_unicode_ci;
/*!40101 SET character_set_client = @saved_cs_client */;

--
-- Dumping data for table `students`
--

LOCK TABLES `students` WRITE;
/*!40000 ALTER TABLE `students` DISABLE KEYS */;
INSERT INTO `students` VALUES (1,'Полина','Васильева','Николаевна',1,'7760049082'),(2,'Мария','Васильева','Дмитриевна',1,'3504888992'),(3,'Иван','Михайлов','Николаевич',1,'2245933441'),(4,'Дарья','Кузнецова','Андреевна',1,'5727919409'),(5,'Анна','Иванова','Николаевна',1,'5661390604'),(6,'Николай','Федоров','Кириллович',1,'2583206799'),(7,'Сергей','Смирнов','Сергеевич',1,'6225179086'),(8,'Анна','Смирнова','Максимовна',1,'6227837693'),(9,'Сергей','Петров','Сергеевич',1,'6591166553'),(10,'София','Алексеева','Ивановна',1,'4259792703'),(11,'Николай','Сидоров','Андреевич',2,'1039240514'),(12,'Алиса','Иванова','Николаевна',2,'3833884879'),(13,'Иван','Смирнов','Кириллович',2,'8042043940'),(14,'Мария','Петрова','Егоровна',2,'4510463681'),(15,'Алиса','Алексеева','Максимовна',2,'1238780038'),(16,'София','Михайлова','Егоровна',2,'2055543840'),(17,'Виктория','Иванова','Максимовна',2,'4325621689'),(18,'Егор','Кузнецов','Кириллович',2,'2649578232'),(19,'Дмитрий','Васильев','Максимович',2,'2629251881'),(20,'Николай','Сидоров','Иванович',2,'5664742312'),(21,'Иван','Алексеев','Кириллович',3,'499фыв9393305'),(22,'Артем','Сидоров','Максимович',3,'9752677223'),(23,'Иван','Смирнов','Иванович',3,'4633312797'),(24,'Алиса','Кузнецова','Егоровна',3,'6096569998'),(25,'Максим','Петров','Артемович',3,'7038860868'),(26,'Сергей','Васильев','Артемович',3,'6447264908'),(27,'Артем','Михайлов','Андреевич',3,'8129826657'),(28,'Дмитрий','Михайлов','Кириллович',3,'3714521117'),(29,'Анна','Федорова','Егоровна',3,'8926860259'),(30,'Дмитрий','Сидоров','Алексеевич',3,'644742123'),(31,'Кирилл','Васильев','Иванович',4,'7778097339'),(32,'Алиса','Смирнова','Артемовна',4,'1990384983'),(33,'Дмитрий','Сидоров','Иванович',4,'5020994510'),(34,'Егор','Сидоров','Алексеевич',4,'4999827950'),(35,'Антон','Новиков','Николаевич',4,'6168147214'),(36,'Полина','Смирнова','Максимовна',4,'3390198179'),(37,'Виктория','Алексеева','Николаевна',4,'4899529978'),(38,'Алиса','Сидорова','Кирилловна',4,'3430107139'),(39,'Виктория','Иванова','Николаевна',4,'5830344144'),(40,'Мария','Петрова','Николаевна',4,'5699023557'),(41,'Мария','Сидорова','Артемовна',5,'2785760849'),(42,'Полина','Федорова','Ивановна',5,'3955124056'),(43,'Кирилл','Алексеев','Егорович',5,'2914504617'),(44,'Николай','Михайлов','Сергеевич',5,'3842150317'),(45,'Артем','Федоров','Алексеевич',5,'3578452182'),(46,'Иван','Михайлов','Егорович',5,'8104091570'),(47,'Максим','Васильев','Иванович',5,'9435334485'),(48,'Анна','Васильева','Алексеевна',5,'2410988138'),(49,'Полина','Новикова','Сергеевна',5,'2493214958'),(50,'Мария','Сидорова','Ивановна',5,'7016016629'),(51,'Дарья','Новикова','Сергеевна',6,'5381792171'),(52,'Анастасия','Михайлова','Артемовна',6,'3329456255'),(53,'Алиса','Иванова','Андреевна',6,'7157724599'),(54,'Максим','Петров','Егорович',6,'1581487696'),(55,'Кирилл','Кузнецов','Максимович',6,'2761539669'),(56,'Полина','Кузнецова','Алексеевна',6,'1971997581'),(57,'Ольга','Васильева','Егоровна',6,'1919657013'),(58,'Кирилл','Иванов','Алексеевич',6,'2784699733'),(59,'Анастасия','Алексеева','Сергеевна',6,'6519098624'),(60,'Николай','Федоров','Иванович',6,'851403696'),(61,'Виктория','Смирнова','Егоровна',7,'6832723865'),(62,'Ольга','Васильева','Алексеевна',7,'2010276212'),(63,'Алиса','Алексеева','Егоровна',7,'9278687653'),(64,'Егор','Алексеев','Иванович',7,'9738468950'),(65,'Кирилл','Михайлов','Николаевич',7,'1971284781'),(66,'Сергей','Михайлов','Андреевич',7,'8949058077'),(67,'Дарья','Новикова','Егоровна',7,'5442094940'),(68,'Дарья','Сидорова','Кирилловна',7,'490471281'),(69,'Анастасия','Сидорова','Кирилловна',7,'4440192927'),(70,'Ольга','Васильева','Дмитриевна',7,'7280512927'),(71,'Виктория','Кузнецова','Артемовна',8,'2395041027'),(72,'Алиса','Васильева','Артемовна',8,'8366742860'),(73,'Алиса','Смирнова','Николаевна',8,'8018569454'),(74,'Анна','Васильева','Кирилловна',8,'6739385258'),(75,'Иван','Петров','Иванович',8,'6181753443'),(76,'Иван','Алексеев','Андреевич',8,'939111926'),(77,'Алексей','Сидоров','Сергеевич',8,'4717465421'),(78,'Мария','Смирнова','Егоровна',8,'5044271739'),(79,'Ольга','Михайлова','Андреевна',8,'2863917410'),(80,'Алексей','Алексеев','Сергеевич',8,'7072006425'),(81,'Дарья','Иванова','Максимовна',9,'7766183067'),(82,'Кирилл','Федоров','Николаевич',9,'5460158517'),(83,'Елена','Сидорова','Максимовна',9,'634615717'),(84,'Дмитрий','Иванов','Дмитриевич',9,'937618478'),(85,'Мария','Иванова','Николаевна',9,'506138782'),(86,'Алексей','Иванов','Алексеевич',9,'7079032020'),(87,'Анна','Михайлова','Кирилловна',9,'2911179931'),(88,'Егор','Новиков','Егорович',9,'5198253092'),(89,'Анна','Петрова','Сергеевна',9,'2625827390'),(90,'Алексей','Алексеев','Егорович',9,'2071002194'),(91,'Алиса','Сидорова','Дмитриевна',10,'2487632909'),(92,'Артем','Алексеев','Андреевич',10,'4560833181'),(93,'Полина','Федорова','Дмитриевна',10,'7340312772'),(94,'Иван','Иванов','Николаевич',10,'4364597010'),(95,'Дмитрий','Иванов','Артемович',10,'8113799563'),(96,'Елена','Петрова','Николаевна',10,'3136363179'),(97,'Мария','Смирнова','Алексеевна',10,'3972652735'),(98,'Елена','Новикова','Алексеевна',10,'904217762'),(99,'Елена','Васильева','Кирилловна',10,'2929831687'),(100,'Кирилл','Михайлов','Артемович',10,'4063356939'),(101,'Кирилл','Иванов','Егорович',11,'78068671'),(102,'Алиса','Кузнецова','Андреевна',11,'8063254310'),(103,'Анастасия','Сидорова','Артемовна',11,'9907726257'),(104,'Алексей','Смирнов','Николаевич',11,'8046498931'),(105,'Мария','Федорова','Николаевна',11,'165790552'),(106,'Максим','Кузнецов','Алексеевич',11,'5381793355'),(107,'Полина','Смирнова','Сергеевна',11,'155778817'),(108,'Алиса','Алексеева','Николаевна',11,'1371162411'),(109,'Антон','Петров','Алексеевич',11,'7238046827'),(110,'Виктория','Михайлова','Ивановна',11,'4310385695'),(111,'Алиса','Алексеева','Максимовна',12,'8774924243'),(112,'София','Васильева','Ивановна',12,'2547292842'),(113,'Дмитрий','Сидоров','Дмитриевич',12,'1059274523'),(114,'Николай','Новиков','Алексеевич',12,'5782841067'),(115,'Артем','Новиков','Алексеевич',12,'885474929'),(116,'София','Петрова','Артемовна',12,'281406937'),(117,'Анна','Новикова','Ивановна',12,'9398343018'),(118,'Анна','Федорова','Егоровна',12,'3759980562'),(119,'София','Смирнова','Николаевна',12,'455478137'),(120,'Алиса','Васильева','Алексеевна',12,'6629912347'),(121,'Анна','Алексеева','Егоровна',13,'1064628792'),(122,'Дмитрий','Смирнов','Сергеевич',13,'8704947873'),(123,'Иван','Сидоров','Сергеевич',13,'4714627301'),(124,'Алиса','Петрова','Кирилловна',13,'5979647158'),(125,'Антон','Сидоров','Кириллович',13,'257252045'),(126,'София','Иванова','Сергеевна',13,'4818321928'),(127,'София','Васильева','Сергеевна',13,'5189520284'),(128,'Алиса','Смирнова','Николаевна',13,'2132833898'),(129,'Егор','Михайлов','Андреевич',13,'1207545279'),(130,'Ольга','Васильева','Ивановна',13,'1322342321'),(131,'Анна','Петрова','Ивановна',14,'7603108907'),(132,'Антон','Иванов','Андреевич',14,'4011939325'),(133,'Алексей','Сидоров','Сергеевич',14,'9552893891'),(134,'Кирилл','Иванов','Максимович',14,'3342801387'),(135,'Дарья','Сидорова','Артемовна',14,'1256638361'),(136,'Анна','Михайлова','Андреевна',14,'8275480157'),(137,'Егор','Васильев','Артемович',14,'9473864631'),(138,'София','Сидорова','Ивановна',14,'7167811266'),(139,'Дмитрий','Петров','Николаевич',14,'3539613674'),(140,'Виктория','Новикова','Артемовна',14,'9678427114'),(141,'Алиса','Кузнецова','Алексеевна',15,'101702695'),(142,'Антон','Алексеев','Кириллович',15,'1187734778'),(143,'Полина','Новикова','Максимовна',15,'8006167567'),(144,'Мария','Иванова','Алексеевна',15,'8427624671'),(145,'Полина','Федорова','Кирилловна',15,'7782806479'),(146,'Дарья','Новикова','Сергеевна',15,'5009025590'),(147,'Виктория','Петрова','Егоровна',15,'5565033349'),(148,'Алексей','Васильев','Андреевич',15,'5208507698'),(149,'Анастасия','Иванова','Артемовна',15,'9056965917'),(150,'Сергей','Новиков','Артемович',15,'8529456371'),(151,'Антон','Васильев','Иванович',16,'4963919195'),(152,'Анна','Алексеева','Максимовна',16,'7635148468'),(153,'Елена','Смирнова','Егоровна',16,'4987820829'),(154,'Елена','Михайлова','Сергеевна',16,'8969083572'),(155,'Дмитрий','Васильев','Егорович',16,'6513644249'),(156,'Егор','Кузнецов','Андреевич',16,'2303477866'),(157,'Сергей','Сидоров','Сергеевич',16,'2044820700'),(158,'Николай','Алексеев','Сергеевич',16,'1651623198'),(159,'Максим','Алексеев','Максимович',16,'4713915596'),(160,'Егор','Кузнецов','Алексеевич',16,'1234764907'),(161,'Анна','Новикова','Максимовна',17,'6734257540'),(162,'Иван','Кузнецов','Сергеевич',17,'8645183760'),(163,'Анастасия','Васильева','Андреевна',17,'3432756041'),(164,'Алиса','Смирнова','Николаевна',17,'6124815698'),(165,'Алиса','Иванова','Ивановна',17,'2720634591'),(166,'Дмитрий','Кузнецов','Максимович',17,'2965772429'),(167,'Анастасия','Кузнецова','Андреевна',17,'6526693008'),(168,'Алексей','Михайлов','Дмитриевич',17,'4206969421'),(169,'Ольга','Алексеева','Андреевна',17,'867713334'),(170,'Алиса','Смирнова','Алексеевна',17,'6393436262'),(171,'Антон','Васильев','Дмитриевич',18,'9735971072'),(172,'Виктория','Кузнецова','Егоровна',18,'6941180053'),(173,'София','Алексеева','Кирилловна',18,'48964652'),(174,'Кирилл','Сидоров','Сергеевич',18,'2875721586'),(175,'Антон','Петров','Николаевич',18,'274564494'),(176,'Виктория','Сидорова','Николаевна',18,'7287032032'),(177,'Артем','Васильев','Алексеевич',18,'7617075877'),(178,'Анна','Сидорова','Андреевна',18,'5134228499'),(179,'Кирилл','Иванов','Максимович',18,'9261371504'),(180,'Егор','Новиков','Кириллович',18,'1520177749'),(181,'Николай','Иванов','Кириллович',19,'7592304501'),(182,'Анна','Смирнова','Сергеевна',19,'2361032664'),(183,'Алексей','Васильев','Артемович',19,'6492515837'),(184,'Виктория','Михайлова','Сергеевна',19,'9961659266'),(185,'Иван','Федоров','Николаевич',19,'7327881476'),(186,'Артем','Васильев','Алексеевич',19,'2438649081'),(187,'Максим','Петров','Максимович',19,'6617945491'),(188,'Алексей','Михайлов','Алексеевич',19,'2601645977'),(189,'София','Сидорова','Дмитриевна',19,'2194168006'),(190,'Иван','Сидоров','Артемович',19,'7697499564'),(191,'Дмитрий','Сидоров','Иванович',20,'3103037236'),(192,'Алексей','Васильев','Артемович',20,'2760122777'),(193,'Артем','Алексеев','Дмитриевич',20,'3496050166'),(194,'Дарья','Алексеева','Максимовна',20,'4076789973'),(195,'Максим','Иванов','Егорович',20,'9581467179'),(196,'Алиса','Смирнова','Ивановна',20,'2437573839'),(197,'Дарья','Михайлова','Алексеевна',20,'4665729341'),(198,'Ольга','Сидорова','Дмитриевна',20,'2971674338'),(199,'Иван','Новиков','Сергеевич',20,'5228015619'),(200,'Алексей','Федоров','Дмитриевич',20,'7455084289'),(201,'Иван','Михайлов','Артемович',21,'1199180812'),(202,'Сергей','Новиков','Алексеевич',21,'4787125521'),(203,'Артем','Смирнов','Иванович',21,'3754821456'),(204,'Елена','Сидорова','Максимовна',21,'6326667850'),(205,'Ольга','Иванова','Максимовна',21,'1155626060'),(206,'Кирилл','Иванов','Максимович',21,'4668455048'),(207,'Егор','Михайлов','Дмитриевич',21,'8997563410'),(208,'Виктория','Сидорова','Максимовна',21,'8431884852'),(209,'Иван','Федоров','Кириллович',21,'4346810548'),(210,'Анна','Иванова','Андреевна',21,'7490753998'),(211,'Николай','Васильев','Сергеевич',22,'9268315893'),(212,'Алиса','Петрова','Алексеевна',22,'6611062737'),(213,'Николай','Федоров','Егорович',22,'9886497677'),(214,'Ольга','Сидорова','Максимовна',22,'2772881377'),(215,'Дмитрий','Федоров','Николаевич',22,'1961159408'),(216,'Алексей','Новиков','Сергеевич',22,'5447022960'),(217,'Анастасия','Кузнецова','Алексеевна',22,'7018510679'),(218,'Дарья','Михайлова','Николаевна',22,'6792287772'),(219,'Анна','Алексеева','Кирилловна',22,'6636580741'),(220,'Иван','Алексеев','Сергеевич',22,'8181398909'),(221,'Артем','Федоров','Иванович',23,'1820433971'),(222,'Виктория','Алексеева','Ивановна',23,'7056260856'),(223,'Анна','Петрова','Андреевна',23,'8242241246'),(224,'Иван','Алексеев','Николаевич',23,'2004615265'),(225,'Виктория','Петрова','Ивановна',23,'3399378861'),(226,'Мария','Новикова','Артемовна',23,'8617063048'),(227,'Сергей','Федоров','Алексеевич',23,'4967183258'),(228,'Сергей','Федоров','Егорович',23,'8700794200'),(229,'Анастасия','Алексеева','Сергеевна',23,'6539840289'),(230,'Антон','Петров','Егорович',23,'1284639855'),(231,'Алиса','Васильева','Дмитриевна',24,'5537950209'),(232,'Мария','Иванова','Алексеевна',24,'6876811807'),(233,'Николай','Смирнов','Кириллович',24,'5620175370'),(234,'Иван','Васильев','Николаевич',24,'3194337504'),(235,'Дарья','Кузнецова','Ивановна',24,'3614987283'),(236,'Алексей','Алексеев','Алексеевич',24,'1249384308'),(237,'Полина','Михайлова','Ивановна',24,'6056641877'),(238,'Полина','Иванова','Дмитриевна',24,'468750635'),(239,'Кирилл','Иванов','Дмитриевич',24,'6133254110'),(240,'Виктория','Иванова','Кирилловна',24,'5431735058'),(241,'Алексей','Алексеев','Кириллович',25,'7179110065'),(242,'Дмитрий','Иванов','Артемович',25,'496110804'),(243,'Виктория','Петрова','Кирилловна',25,'6399076769'),(244,'Николай','Иванов','Артемович',25,'8593110919'),(245,'Кирилл','Сидоров','Максимович',25,'4567972320'),(246,'Дмитрий','Васильев','Кириллович',25,'6854982274'),(247,'Анастасия','Новикова','Ивановна',25,'8920388065'),(248,'Сергей','Кузнецов','Андреевич',25,'5377959959'),(249,'Виктория','Новикова','Алексеевна',25,'1707303379'),(250,'Сергей','Михайлов','Николаевич',25,'6362050150'),(251,'Дмитрий','Васильев','Артемович',26,'3950033423'),(252,'Ольга','Новикова','Максимовна',26,'3230241026'),(253,'Николай','Кузнецов','Сергеевич',26,'7355289611'),(254,'Дмитрий','Кузнецов','Дмитриевич',26,'8655963099'),(255,'Максим','Васильев','Алексеевич',26,'5304289731'),(256,'Дарья','Петрова','Алексеевна',26,'8685787255'),(257,'Алиса','Михайлова','Сергеевна',26,'9690333736'),(258,'Антон','Смирнов','Егорович',26,'9254812147'),(259,'Елена','Алексеева','Ивановна',26,'7895677665'),(260,'София','Васильева','Егоровна',26,'273415148'),(261,'Антон','Кузнецов','Андреевич',27,'1150835354'),(262,'Анастасия','Кузнецова','Кирилловна',27,'2840445669'),(263,'Артем','Федоров','Алексеевич',27,'6333738987'),(264,'София','Петрова','Николаевна',27,'3663778052'),(265,'Антон','Иванов','Артемович',27,'5536668459'),(266,'Кирилл','Иванов','Алексеевич',27,'2599996636'),(267,'Максим','Смирнов','Дмитриевич',27,'7159741218'),(268,'Иван','Алексеев','Артемович',27,'231643348'),(269,'Артем','Иванов','Николаевич',27,'8025662128'),(270,'Алиса','Петрова','Егоровна',27,'3234672994'),(271,'Максим','Михайлов','Сергеевич',28,'3027169385'),(272,'Алиса','Михайлова','Кирилловна',28,'147546926'),(273,'Дмитрий','Алексеев','Егорович',28,'7629160324'),(274,'Анна','Кузнецова','Артемовна',28,'6815118567'),(275,'Антон','Кузнецов','Максимович',28,'701765636'),(276,'Иван','Васильев','Андреевич',28,'2577711837'),(277,'Артем','Васильев','Алексеевич',28,'2091241862'),(278,'Иван','Васильев','Алексеевич',28,'7523083708'),(279,'Егор','Васильев','Артемович',28,'900633533'),(280,'Иван','Смирнов','Иванович',28,'531312206'),(281,'Николай','Новиков','Максимович',29,'3938661331'),(282,'София','Сидорова','Ивановна',29,'6506373149'),(283,'Мария','Петрова','Дмитриевна',29,'6497189241'),(284,'Виктория','Сидорова','Николаевна',29,'2571509976'),(285,'Максим','Алексеев','Иванович',29,'3091436391'),(286,'Дмитрий','Новиков','Артемович',29,'4326303975'),(287,'Антон','Новиков','Иванович',29,'8640355338'),(288,'Сергей','Кузнецов','Кириллович',29,'6852701713'),(289,'Дмитрий','Кузнецов','Алексеевич',29,'1298338167'),(290,'Ольга','Кузнецова','Дмитриевна',29,'6293449734'),(291,'Анна','Новикова','Егоровна',30,'6277689627'),(292,'Егор','Смирнов','Андреевич',30,'4982824674'),(293,'Анастасия','Смирнова','Максимовна',30,'9715273230'),(294,'Максим','Новиков','Артемович',30,'6665674916'),(295,'Алексей','Смирнов','Кириллович',30,'2364587506'),(296,'Елена','Кузнецова','Артемовна',30,'502497243'),(297,'Иван','Петров','Андреевич',30,'6691836264'),(298,'Полина','Федорова','Егоровна',30,'9461195243'),(299,'Анастасия','Иванова','Алексеевна',30,'7011686462'),(300,'Николай','Сидоров','Алексеевич',30,'3728179323'),(301,'Дмитрий','Кузнецов','Сергеевич',31,'6791214161'),(302,'Анна','Новикова','Ивановна',31,'9377100409'),(303,'Алексей','Кузнецов','Максимович',31,'698477596'),(304,'София','Новикова','Николаевна',31,'3566905510'),(305,'Виктория','Сидорова','Ивановна',31,'9184357978'),(306,'Елена','Иванова','Николаевна',31,'505739769'),(307,'Николай','Смирнов','Артемович',31,'1649328980'),(308,'Артем','Петров','Сергеевич',31,'8727178333'),(309,'Алексей','Петров','Егорович',31,'256434712'),(310,'Анна','Новикова','Дмитриевна',31,'9915668633'),(311,'Анна','Васильева','Андреевна',32,'1159319525'),(312,'Дарья','Иванова','Сергеевна',32,'983665528'),(313,'Алексей','Смирнов','Иванович',32,'8752437729'),(314,'Ольга','Иванова','Кирилловна',32,'5481497374'),(315,'Мария','Новикова','Алексеевна',32,'3302764208'),(316,'София','Смирнова','Артемовна',32,'5661844386'),(317,'Дмитрий','Новиков','Кириллович',32,'472927742'),(318,'Сергей','Кузнецов','Иванович',32,'5912662015'),(319,'Ольга','Иванова','Андреевна',32,'8596263013'),(320,'Алиса','Васильева','Кирилловна',32,'2617647501'),(321,'Алексей','Петров','Артемович',33,'8309997419'),(322,'Егор','Михайлов','Егорович',33,'4921518260'),(323,'Полина','Федорова','Максимовна',33,'7189813129'),(324,'Иван','Федоров','Артемович',33,'5102932184'),(325,'Алексей','Петров','Максимович',33,'4582603408'),(326,'Полина','Михайлова','Алексеевна',33,'9758598831'),(327,'Сергей','Иванов','Дмитриевич',33,'2432983954'),(328,'Кирилл','Смирнов','Андреевич',33,'8446267146'),(329,'Максим','Кузнецов','Андреевич',33,'4359892625'),(330,'Виктория','Иванова','Кирилловна',33,'3141818615'),(331,'Николай','Новиков','Сергеевич',34,'2340163611'),(332,'Максим','Васильев','Кириллович',34,'7185948491'),(333,'Дмитрий','Новиков','Егорович',34,'2588967924'),(334,'Максим','Сидоров','Алексеевич',34,'2694053967'),(335,'Артем','Новиков','Артемович',34,'8446834146'),(336,'Анна','Петрова','Андреевна',34,'3129014870'),(337,'Полина','Сидорова','Артемовна',34,'7881609306'),(338,'Елена','Федорова','Кирилловна',34,'972832152'),(339,'Мария','Смирнова','Артемовна',34,'6251538144'),(340,'Анастасия','Васильева','Дмитриевна',34,'963480797'),(341,'Николай','Иванов','Кириллович',35,'7545105265'),(342,'Алексей','Смирнов','Артемович',35,'3188261702'),(343,'Елена','Михайлова','Егоровна',35,'5456284177'),(344,'Дмитрий','Новиков','Егорович',35,'531340266'),(345,'Мария','Сидорова','Дмитриевна',35,'7416787256'),(346,'Ольга','Петрова','Андреевна',35,'225803056'),(347,'Егор','Михайлов','Сергеевич',35,'4716392823'),(348,'Анна','Васильева','Дмитриевна',35,'6371892392'),(349,'Алексей','Сидоров','Егорович',35,'432609310'),(350,'Виктория','Федорова','Сергеевна',35,'3356708604'),(351,'Антон','Новиков','Сергеевич',36,'5635020005'),(352,'Антон','Михайлов','Сергеевич',36,'9162475541'),(353,'Иван','Федоров','Алексеевич',36,'5559895343'),(354,'Анна','Петрова','Алексеевна',36,'9109337118'),(355,'Анастасия','Михайлова','Дмитриевна',36,'8202368485'),(356,'Алиса','Петрова','Егоровна',36,'1768802942'),(357,'Мария','Алексеева','Ивановна',36,'3678812786'),(358,'Виктория','Алексеева','Сергеевна',36,'3202939087'),(359,'Анастасия','Кузнецова','Сергеевна',36,'4812308340'),(360,'Антон','Сидоров','Сергеевич',36,'338105955'),(361,'Максим','Васильев','Алексеевич',37,'6945005342'),(362,'Мария','Федорова','Кирилловна',37,'1649837354'),(363,'Кирилл','Смирнов','Алексеевич',37,'7365271727'),(364,'Дмитрий','Кузнецов','Кириллович',37,'7240422693'),(365,'Дмитрий','Петров','Егорович',37,'3761820916'),(366,'Мария','Петрова','Ивановна',37,'231429001'),(367,'Анна','Кузнецова','Алексеевна',37,'7972457230'),(368,'Полина','Петрова','Ивановна',37,'184186203'),(369,'Сергей','Смирнов','Егорович',37,'2543617213'),(370,'Антон','Новиков','Андреевич',37,'9515109226'),(371,'Дарья','Сидорова','Егоровна',38,'2494514754'),(372,'Иван','Сидоров','Алексеевич',38,'5267711964'),(373,'Алексей','Новиков','Алексеевич',38,'2655767695'),(374,'Сергей','Смирнов','Егорович',38,'8788788361'),(375,'Полина','Алексеева','Дмитриевна',38,'1350305872'),(376,'Иван','Новиков','Николаевич',38,'2472863330'),(377,'Алексей','Сидоров','Егорович',38,'650191792'),(378,'Дмитрий','Новиков','Алексеевич',38,'1310962272'),(379,'Алиса','Смирнова','Николаевна',38,'7041200928'),(380,'Иван','Смирнов','Егорович',38,'7849843624'),(381,'Максим','Смирнов','Алексеевич',39,'3690362891'),(382,'Алиса','Новикова','Егоровна',39,'6205634111'),(383,'Дарья','Новикова','Ивановна',39,'3428113904'),(384,'Максим','Кузнецов','Иванович',39,'3419909700'),(385,'Анна','Васильева','Ивановна',39,'5468356521'),(386,'Виктория','Федорова','Андреевна',39,'8209679042'),(387,'Артем','Петров','Андреевич',39,'3322889857'),(388,'Николай','Васильев','Николаевич',39,'9606339912'),(389,'Анна','Иванова','Алексеевна',39,'4817175242'),(390,'Антон','Алексеев','Николаевич',39,'5112747472'),(391,'Кирилл','Михайлов','Иванович',40,'5466927589'),(392,'София','Петрова','Егоровна',40,'8740903802'),(393,'Антон','Смирнов','Алексеевич',40,'9613671577'),(394,'Анна','Петрова','Алексеевна',40,'1663651559'),(395,'Елена','Михайлова','Андреевна',40,'4708272359'),(396,'Кирилл','Смирнов','Иванович',40,'5673030644'),(397,'Алексей','Сидоров','Андреевич',40,'4614768342'),(398,'Алексей','Смирнов','Николаевич',40,'4235677826'),(399,'Дарья','Смирнова','Ивановна',40,'8931992550'),(400,'Артем','Сидоров','Артемович',40,'5164807279');
/*!40000 ALTER TABLE `students` ENABLE KEYS */;
UNLOCK TABLES;

--
-- Table structure for table `users`
--

DROP TABLE IF EXISTS `users`;
/*!40101 SET @saved_cs_client     = @@character_set_client */;
/*!50503 SET character_set_client = utf8mb4 */;
CREATE TABLE `users` (
  `UserID` int NOT NULL AUTO_INCREMENT,
  `Login` varchar(50) COLLATE utf8mb4_unicode_ci NOT NULL,
  `Password` varchar(100) COLLATE utf8mb4_unicode_ci NOT NULL,
  `Name` varchar(50) COLLATE utf8mb4_unicode_ci DEFAULT NULL,
  `Surname` varchar(50) COLLATE utf8mb4_unicode_ci DEFAULT NULL,
  `Patronymic` varchar(50) COLLATE utf8mb4_unicode_ci DEFAULT NULL,
  `Role` int DEFAULT NULL,
  PRIMARY KEY (`UserID`),
  KEY `Role` (`Role`),
  CONSTRAINT `Users_ibfk_1` FOREIGN KEY (`Role`) REFERENCES `roles` (`RoleID`)
) ENGINE=InnoDB AUTO_INCREMENT=12 DEFAULT CHARSET=utf8mb4 COLLATE=utf8mb4_unicode_ci;
/*!40101 SET character_set_client = @saved_cs_client */;

--
-- Dumping data for table `users`
--

LOCK TABLES `users` WRITE;
/*!40000 ALTER TABLE `users` DISABLE KEYS */;
INSERT INTO `users` VALUES (1,'admin','admin123','Админ','Админов','Админович',1),(2,'lib_head','head123','Иван','Иванов','Иванович',3),(3,'librarian1','lib123','Мария','Петрова','Ивановна',2),(4,'librarian2','lib234','Ольга','Сидорова','Алексеевна',2),(5,'librarian3','lib345','Анна','Кузнецова','Петровна',2),(6,'librarian4','lib456','Елена','Новикова','Сергеевна',2),(7,'librarian5','lib567','Алексей','Васильев','Андреевич',2),(8,'librarian6','lib678','Наталья','Смирнова','Дмитриевна',2),(9,'librarian7','lib789','Сергей','Михайлов','Игоревич',2),(10,'librarian8','lib890','Дмитрий','Федоров','Александрович',2);
/*!40000 ALTER TABLE `users` ENABLE KEYS */;
UNLOCK TABLES;

--
-- Table structure for table `writeoffs`
--

DROP TABLE IF EXISTS `writeoffs`;
/*!40101 SET @saved_cs_client     = @@character_set_client */;
/*!50503 SET character_set_client = utf8mb4 */;
CREATE TABLE `writeoffs` (
  `WriteOffID` int NOT NULL AUTO_INCREMENT,
  `BookID` int NOT NULL,
  `Date` date NOT NULL,
  `Count` int NOT NULL,
  `Reason` varchar(255) DEFAULT NULL,
  PRIMARY KEY (`WriteOffID`),
  KEY `BookID` (`BookID`),
  CONSTRAINT `writeoffs_ibfk_1` FOREIGN KEY (`BookID`) REFERENCES `books` (`BookID`) ON DELETE CASCADE
) ENGINE=InnoDB AUTO_INCREMENT=5 DEFAULT CHARSET=utf8mb4 COLLATE=utf8mb4_0900_ai_ci;
/*!40101 SET character_set_client = @saved_cs_client */;

--
-- Dumping data for table `writeoffs`
--

LOCK TABLES `writeoffs` WRITE;
/*!40000 ALTER TABLE `writeoffs` DISABLE KEYS */;
INSERT INTO `writeoffs` VALUES (1,381,'2026-01-08',1,'ФВЫФВ'),(2,381,'2026-01-08',1,'фыв');
/*!40000 ALTER TABLE `writeoffs` ENABLE KEYS */;
UNLOCK TABLES;
/*!40103 SET TIME_ZONE=@OLD_TIME_ZONE */;

/*!40101 SET SQL_MODE=@OLD_SQL_MODE */;
/*!40014 SET FOREIGN_KEY_CHECKS=@OLD_FOREIGN_KEY_CHECKS */;
/*!40014 SET UNIQUE_CHECKS=@OLD_UNIQUE_CHECKS */;
/*!40101 SET CHARACTER_SET_CLIENT=@OLD_CHARACTER_SET_CLIENT */;
/*!40101 SET CHARACTER_SET_RESULTS=@OLD_CHARACTER_SET_RESULTS */;
/*!40101 SET COLLATION_CONNECTION=@OLD_COLLATION_CONNECTION */;
/*!40111 SET SQL_NOTES=@OLD_SQL_NOTES */;

-- Dump completed on 2026-01-10 15:00:42
